test_suite_id,scene_id,uuid
public_2507,clipgt-a309e228-26e1-423e-a44c-cb00aa7378cb,cfd2c64c-5331-455d-8e7d-1acecde9ea18
public_2507,clipgt-804afc4a-fd1e-4f58-bd39-a4c486a916e5,3025aced-56d0-4234-96a4-abe3162c7f8a
public_2507,clipgt-81b0e06d-96e6-4832-99c1-a4084b54ca97,a312b905-954b-4a36-9d8e-5f45b53f60c9
public_2507,clipgt-9b3509c2-a5fa-42c0-b0e5-feb617e9bf4e,61b845c1-29df-4cb5-afaf-3898e08819b0
public_2507,clipgt-90d1908c-9fdc-40ea-a5a1-351240aa323e,e2899346-8797-4853-bd7b-eb296e94677b
public_2507,clipgt-88d1e61e-d4a6-443a-8b3f-ad0f1de4d0f5,8268488f-5d5f-4a06-8795-b1e9ee180db6
public_2507,clipgt-8aaa1135-573f-4f6c-8ff8-7ac6bd6ea5d6,9d9cc73b-0529-499e-a126-35fa4db26cb3
public_2507,clipgt-9f8acd00-e8f5-467a-867d-b205f8d4d75d,bb7de8be-a4c6-4922-8558-0c5fdb49ba5c
public_2507,clipgt-97a2e621-a27b-4b87-9a58-b6b740fc1b4e,c83c06a4-e803-43d2-85f9-cfda04ec16d5
public_2507,clipgt-93982b71-92af-4cf6-8447-00d619f50ad3,99823e77-60bb-440a-afd1-d49e705dd7d5
public_2507,clipgt-9b6a51bd-cb54-4a68-8ed8-0e33a504c67e,b783d19d-6c8e-4eaf-8630-5767d5974ba6
public_2507,clipgt-9b314680-02be-48fe-bd6d-162a00a743d1,eff86461-76e7-4d81-b163-c5966333db9e
public_2507,clipgt-89f2eeb8-f4e4-42a1-8e07-d60003d223dc,e674806f-cbc9-4d54-86da-6d950b2bdfce
public_2507,clipgt-7c4f23b7-be14-4505-b332-6d1ceb36cd75,5deb5839-6869-45c0-b9a0-7fdb571017ff
public_2507,clipgt-9ea70552-6dcb-4ee8-a368-9a906a333f6e,57e8a464-1aaf-49f0-a63c-4ee99f5d0494
public_2507,clipgt-895e3736-398f-459a-b511-5781e8120c6c,cf4439be-4bdc-4641-8353-55ffea809685
public_2507,clipgt-9f20476f-6ef6-46f4-a77c-ac511fde19a1,76243af4-0cf4-482b-a06a-69f0bc719033
public_2507,clipgt-825dc886-0491-482a-abe3-e1743f5972b8,8bfa512b-8893-4a2a-9cc3-8d79e5db71ea
public_2507,clipgt-994977b5-4db6-43eb-950a-c0faaccc930b,775c1d28-e056-44f3-90d3-7b84553ac073
public_2507,clipgt-8578f2c7-70a0-4877-980a-7ba65bcded30,4db97d1a-a493-4ee2-a4a6-231a83a76de8
public_2507,clipgt-7eaac028-ff62-4f54-9cca-52c8f49ba87e,bc1e763e-c448-49d4-acbc-ff9c9eea684f
public_2507,clipgt-82da2d46-4ec7-4f8c-8f54-e6febb1c303b,e069b3be-4337-4f39-9b67-d3dc8cb9c5d1
public_2507,clipgt-89c2e887-cffa-4b7c-86cf-80b89be1cb06,8682cc1f-bf86-44b5-8dc5-d5965e3d1346
public_2507,clipgt-8a97e5f9-a699-48ff-acc3-0a3c28253d9d,d2a33e09-b749-4e13-9caf-d7806e9ac43d
public_2507,clipgt-7c05aee0-88f1-4338-a48b-5cbe24d5b888,33155581-980d-4b53-9674-344593a2873c
public_2507,clipgt-7d994ed3-d15f-4c0d-a0ff-fd36ba005726,7da3c11d-ebec-4f7c-ad43-8fcba6d1b2d5
public_2507,clipgt-a206d733-17d2-407f-85a2-5db9f57705ea,09dbeca8-b781-4bca-afa4-87eff173d5be
public_2507,clipgt-7b3070bd-8d4d-4394-bced-f89b0467a107,d6ddd0af-647c-4c91-b3d3-4c449c7c90e5
public_2507,clipgt-83b78681-e1a3-458f-8d93-0413ab1c4523,107c04dc-a06b-44d4-a553-91f784f6e52a
public_2507,clipgt-98dd56b2-3e60-49ec-9366-70b610dd93cc,f7c55c9d-39f9-4a1b-9786-9371362d591b
public_2507,clipgt-951c7ae7-186f-49dc-a228-57fa042cce84,5da63694-8e8a-4726-a50a-e8a071a1117f
public_2507,clipgt-7ae6bec8-ccf1-4397-9180-83164840fbae,81c85edf-ad0a-40d1-8be8-ad761a336d7e
public_2507,clipgt-823d47b0-d661-42be-890b-5dcd7affc1ff,91dbc616-475d-4f0a-b114-f20ff19184d1
public_2507,clipgt-a174faed-c8e1-4b48-b85e-fecdff7ccca9,48b05bd4-1592-42b8-80f8-0e3dfdca7cbc
public_2507,clipgt-80d36de0-45a4-4121-9f63-aa323a927e05,686ffb0c-3ea7-4098-92bc-4043bc129b50
public_2507,clipgt-9f2f1c8b-8d42-4021-b3b1-1dbd6b68d47b,2f4ad42d-a8d4-4771-9c5f-e9736161125c
public_2507,clipgt-83740fee-bf3a-45cd-9e63-54c1d87bf7da,d5712d65-e00c-4849-aa39-f56152ca508c
public_2507,clipgt-8f8d5705-944e-4051-ab25-66a230a11dce,c78a2ab4-f49f-4a42-92fb-53facb5b9765
public_2507,clipgt-a3f994f5-4467-46a6-b1ea-0a54bac9c5f6,951f1bc5-d5bb-4c7b-a998-9a8618c46dc0
public_2507,clipgt-87a799d2-9112-4765-9c3c-353537f4c479,727656c5-2597-41c7-aec5-27df166eedb2
public_2507,clipgt-96afa4f7-099a-4b05-8763-0bf6b4e1c1b3,737f282d-0c0d-4166-b504-6aa219d89a9d
public_2507,clipgt-a100665e-9a77-4778-99df-19f6af19a196,c329e469-1633-478a-958c-8908a9db767c
public_2507,clipgt-8588b919-8293-4708-a7cf-b911d05791a6,fdd15964-bc15-4851-8e2e-7366da9ebc7d
public_2507,clipgt-a2c5ae46-0d99-4b7f-b1f2-e7443fd457e2,53a7d12f-f4b5-47f0-964f-2b48cb78ce78
public_2507,clipgt-8a143cb2-4805-452c-97a2-8461062def2d,92a3af05-3d54-4217-8632-799af62bf9c0
public_2507,clipgt-9e3fd12d-e7af-41f5-881f-0f85ef927f23,d3b974ee-b5df-4a4c-ab5f-7470c6c1b589
public_2507,clipgt-7dc59d0d-7582-48b2-a6f9-2d7288b2c556,50888eb6-95e9-4285-aa93-53f193611b8f
public_2507,clipgt-8c129b2d-9aeb-484e-a926-695ea77c8429,99b7d372-cf1d-421a-9b34-5554633ba180
public_2507,clipgt-8c7c7571-ada8-40ad-87de-3d2abc262fbd,58c669d5-1e05-4427-a3f2-3041e906b023
public_2507,clipgt-852f57f7-669e-4372-9851-ee55ce9c9f74,816aedd1-64f5-4f05-b279-6eabb9b27034
public_2507,clipgt-8701a102-a13a-440a-9988-6ba8a818bc7f,0d089a7c-3023-47ef-9ed9-36222ac2cd19
public_2507,clipgt-9e77fe57-8c5e-4cdf-add7-fde6107db9ca,be6a2094-b481-4d1c-aaf4-68ea8f861fa6
public_2507,clipgt-8fd8f4f0-64d4-47ea-a8b5-0f18d51735f6,a0a8a2dc-a6e7-40b0-9aaa-acaba89698eb
public_2507,clipgt-86ad21f0-5c8e-4733-9e48-585b3b3c0607,41aafeac-1cb0-4238-9f53-5f7913c0f8d4
public_2507,clipgt-9a190a00-0303-4c11-8acf-9a5e6d1c4b71,23411a1f-b255-4930-ae4a-77c4f174958b
public_2507,clipgt-90c09065-a862-4c17-8ae2-e0efff404488,562661dc-9bc3-4781-9c31-e9d7a276024e
public_2507,clipgt-7ad7519f-7342-40db-b8ee-892502bfc0c4,58329824-cf6a-4bbc-82eb-60158bcf6f3e
public_2507,clipgt-9a735365-8fd3-48eb-a831-01878a2315f0,2aa07ff2-dafe-4558-a4c0-d27c7a45f668
public_2507,clipgt-8ecf02e3-860b-4ad1-ab9a-8ce031d73c6f,d60767c8-500a-4907-b2d6-1f894fbc3d46
public_2507,clipgt-9d60ced7-5dc9-4d84-ad25-3848f42eded8,a19bf574-0737-40a6-b276-79d38840f3cf
public_2507,clipgt-a013c0c6-c2f0-40b7-ab4a-775138e0d7b6,bba5bd9b-07dc-4b40-9f77-603cbdcad29b
public_2507,clipgt-9628d193-4e5d-4d24-a6d2-319eeeac88ab,2862ef13-7bf4-43f5-ad52-b05cedbd86b6
public_2507,clipgt-7cccce33-647f-4dfe-b643-eae78e6733de,0be7ca04-ffe2-434f-a43f-172b35d0ecd6
public_2507,clipgt-7ba8c138-4010-4d61-9714-c855e4eb2a3c,65a3284a-b9bf-44e7-a4ab-ec1504d6bf8c
public_2507,clipgt-8489e6c7-a57e-4ace-ae2c-af07850bb0a8,a072ba46-dafd-4afc-a3a4-e105b5f1e359
public_2507,clipgt-957bb1a4-cbc7-49ad-bcdb-b627eb211745,7e1067ec-5772-4395-bd58-836fc85663ce
public_2507,clipgt-7e11dcb8-7bce-4972-b998-8626857e92aa,978363c1-504d-4a15-96e7-f020ccc6732d
public_2507,clipgt-8f549ba1-041e-4004-8c2e-825cde7b78bb,016cc28c-3005-46e7-8c3e-b8819136543e
public_2507,clipgt-9827beca-da31-4711-bc94-9a807091c0b9,f37462a1-108c-40af-b40d-db6c25c160a6
public_2507,clipgt-877e28d9-f999-45e7-9a9d-701e75514f19,2bc9cafe-971b-40a6-bd42-197c5de588aa
public_2507,clipgt-7b186d92-d6f5-4e27-a324-d705d1fad7e1,1b0de53b-bce2-41a6-aa95-ea74a4ec2112
public_2507,clipgt-a35a2bdf-b828-438e-8ee7-4cb4fa198aeb,98432d52-aea2-45a1-87a4-dfd78be2f567
public_2507,clipgt-88c5959a-460b-46a5-a7ef-18ad980454c4,51202e73-8997-4065-b7aa-f31f943663cc
public_2507,clipgt-89d4188e-982c-4f29-a966-2ed03f6be864,5a2c0cc0-5ab5-426b-93a2-d14d215352c3
public_2507,clipgt-82b313db-52dc-4162-aac5-176964731901,3800cf03-c3b5-4ad6-ac01-c418e5091488
public_2507,clipgt-875e79d9-194f-478a-a4ec-e130649bde17,9ea2f703-0c70-417d-9702-a9ffc56170f4
public_2507,clipgt-96eb4700-3f26-4629-86df-7e736935f51d,1743517c-e35b-496b-b9dd-afb6acd1b620
public_2507,clipgt-a28ca9d5-9df8-48d4-9685-43424792c104,b556b951-f677-435f-9dc6-263a6bcc00a0
public_2507,clipgt-9dfc06b4-f46d-42ef-a552-d71ef221e0b5,90a466a8-d750-4586-9a91-e3ff08c92ada
public_2507,clipgt-9bcb959a-3093-4b6b-9a93-7a334f469248,85a39c01-f462-4962-9b41-4831bff3e150
public_2507,clipgt-1bccdc21-6e9c-425a-a0a1-392e2353f2b3,14430d40-49c9-4a7b-a565-f9179b03a64a
public_2507,clipgt-032b6f21-6799-4ad8-8712-0405f087ac4a,efc8dd26-1998-44a7-96be-692d5632ac68
public_2507,clipgt-0e002edd-c307-437c-9b97-6a1f6d28ac91,97f00cb3-cd49-4693-8974-6bfb53f52407
public_2507,clipgt-118a3400-83ce-4a64-98dd-f38f786be4b2,04ee1b7a-0745-41f7-b5a4-aff51864a887
public_2507,clipgt-05a1d902-b975-4d11-a9ed-e6bfc774577f,8fc4f335-fe5c-436d-ba9c-a562b4dd7f1a
public_2507,clipgt-001f1305-aa09-473f-afae-4ae0ce7fd404,722b99ce-529e-4ef0-9bc6-c9c6192c03cf
public_2507,clipgt-23fff61f-09db-4131-b83b-833f03e1bdb3,6d44e815-943c-401a-b504-cfca989113ae
public_2507,clipgt-1cf49614-606e-4793-a0db-90e34f5370b2,6875c967-7af3-46b2-a0e3-d69c7b32c931
public_2507,clipgt-23666aa2-ecb8-4c76-9524-fd3b0c615db0,31bfea29-10c6-48d1-9cf7-ecb11d7a88bc
public_2507,clipgt-1316f5fa-9b99-4979-90eb-1a8d56b32a73,c1c65645-8720-40c7-b86c-44743745d6d0
public_2507,clipgt-04394343-92f3-409c-9695-e7cd5397fa02,b83c0dd6-d840-44d0-9208-c63f9ace3d36
public_2507,clipgt-15d28b17-4484-4e58-a5a2-8d99c1422c41,3abe2ce0-6138-488f-a4be-856b1225abfb
public_2507,clipgt-1cf1a70b-a26c-4b3d-9cbf-8ecbeb827487,4329fa8c-5f6a-46c0-902a-cf0021500d08
public_2507,clipgt-187e6244-f541-48ed-8372-62d6da8b547a,3527e4b6-14c5-42c3-9710-4aaa79ad2895
public_2507,clipgt-1e6e41a1-e402-48a1-8a96-2ad92a57eb26,71414d7a-6358-4ac7-8735-054a6a7b26b5
public_2507,clipgt-0b54c8d4-8119-431e-9ae8-5c70f5e64716,961339f7-58ea-4320-92c6-e314d6814a22
public_2507,clipgt-1bc5e591-0f30-4d73-a7e9-fa04fa160530,ecf3b20a-4c88-4086-93fb-6cc9846731f7
public_2507,clipgt-1c45ce3a-0960-4e08-88ed-6cfc008ad02a,752bc7d2-f3a9-429a-a3c4-40857c1bd243
public_2507,clipgt-023b7fcc-671c-40e3-9bd2-c66b0b073fbc,587f07cd-f68b-43d8-bced-324c3346036d
public_2507,clipgt-1d7ad5d2-02aa-4353-adf3-ee2a1ce1af24,c5a36c70-5983-44bb-9fde-c4a183f7f0c1
public_2507,clipgt-0ac02819-4171-4363-9458-ad2f192884bf,f9b14427-ffdb-4c5f-b88f-3a08ecfe813c
public_2507,clipgt-0b10bce8-61f1-4350-8577-cf3c9493ffc3,d57ed257-0057-4b71-aea9-adcdab1319c5
public_2507,clipgt-22eb5c41-c157-434a-b563-f2eda1148cfd,06c19da3-416c-485e-99df-20988e29ece7
public_2507,clipgt-1089758a-8d07-48f8-9e9d-49f9a6bd18bd,ffa81863-2b69-41ce-be3c-62c2afc82209
public_2507,clipgt-08990ec8-0ba9-4284-9919-65b71750a5fa,fbcdf1e3-3e7e-4744-b0ab-612c0e2b363a
public_2507,clipgt-1b45d8e1-d2fd-4c7c-8440-c7ddb15ea152,f8083520-4912-4cf3-9086-21e420dd10cc
public_2507,clipgt-0caa8f1a-3c23-4520-98b2-28be9697fbf4,6cfe9e97-58b7-44c0-8dd4-c0858706f2ed
public_2507,clipgt-1d6978de-3fda-4526-bcfc-b8287d73e198,89c314bb-05a1-4cdb-9f6d-dde9239f20b9
public_2507,clipgt-22f1e835-c0b2-468f-9385-e893f22d1e6c,a273ecb0-1018-43e1-8387-c96b8e334ecb
public_2507,clipgt-05e74bef-0afa-468e-b679-b7f14079be30,c2388f6e-c5eb-41a7-9fe7-e77806b2842a
public_2507,clipgt-09a95ffa-37b7-486d-9404-ac8cf1c3e045,dd974077-a18b-41c9-80bf-7f9e7d44bb63
public_2507,clipgt-1f1551dd-3492-4877-9e5a-6a741b7a7287,cf93c783-a138-43c9-8e41-209c361a4de9
public_2507,clipgt-16b83346-578c-437d-b51b-14784ffdf6c1,cc524083-768d-4ac5-8d8c-ee6cc5ed9b80
public_2507,clipgt-2466266e-73bd-4eb4-b881-4e56ab62e0a7,734314a8-f056-4598-8222-5bc7f59c1f32
public_2507,clipgt-1d68b79f-8459-456f-856d-316ec5572242,5b1522b5-4d4e-468c-b5b8-2d25a12bcd81
public_2507,clipgt-0fee0fbf-439e-4901-a2aa-66152468491d,b36513fc-306f-4988-8f87-4bab6625e6ee
public_2507,clipgt-0e899dd3-e544-4a30-a689-f00d08ba5770,cea590b1-7919-4ec5-bf7a-e67ea01e1673
public_2507,clipgt-1be86721-4f0e-4237-909d-1bc33ca56f5d,32251650-7acf-49a8-9528-e4ed47caa065
public_2507,clipgt-054b5901-fdcb-4146-b125-eb2bb333cf02,9996cfcf-e4ba-4a74-b3ec-7d8e6b57c69f
public_2507,clipgt-0dbb91dd-8db1-4e10-b155-14fdf46218bc,94a6b45b-ca02-4c55-9eee-67ed883fe92d
public_2507,clipgt-1b7d131a-7007-4b60-a1f0-a5f4a326c776,08ac034e-b5b0-4bc9-be6d-ceceba0c336a
public_2507,clipgt-065dcac9-ee67-4434-a835-c6b816c88e48,d7b3e097-a8f1-4093-ac6c-d06dd6c34daa
public_2507,clipgt-12a09194-85c2-4ecf-b665-9c5078bae240,3b35f62a-f172-4865-914f-9fe11dfe139c
public_2507,clipgt-1acf2f5d-f674-408f-ba18-6aacb4f4c739,c812700f-96f7-4afb-9d30-b5cf1b72486e
public_2507,clipgt-17a28ca0-d124-468c-bea3-6f2e75f23734,8e4a472c-362f-47b6-ab41-077cfc51ea89
public_2507,clipgt-0d1fcd2c-ed47-4c72-b756-8e24bce0b9f4,93e7efed-9336-4b1e-bfc6-a450c018c24d
public_2507,clipgt-1a7b81b8-9bca-4385-a591-64f74eb59db2,56f5f501-01ce-4658-84c0-4bbdcaf844a4
public_2507,clipgt-0d59b8c8-3706-4e32-82ed-3f6e0cfb6840,d84d0d93-da54-4a1a-864c-738eb7338508
public_2507,clipgt-0245ff75-aa3f-46b7-ba87-16a7afb841af,d71611b5-c200-4b4f-a4c5-223f954c146d
public_2507,clipgt-0d4893f5-f575-4d98-b33f-0bdf3816bbed,b79c910e-08e9-4c1e-8dc6-2dcd44a03264
public_2507,clipgt-096988dd-9367-4fdf-84f9-5a73c5061c6e,6a6a53a6-52b1-48d2-a5af-827df106c8c7
public_2507,clipgt-23b03b84-fb88-445a-9a85-e19bad0a4986,f872fa24-bf2a-4dc8-b62a-08ed6a511b06
public_2507,clipgt-1aac210f-756a-4093-b5c6-6d522d7e99b0,60d9b786-5421-403b-bc37-b4c90146c5df
public_2507,clipgt-10d64934-74a5-40ce-b35e-6debe2cd3d9c,9ab0a9fb-27e2-4c6c-a1c0-7e1bd0f4a10a
public_2507,clipgt-0a18c5a4-9aca-4efd-b604-c75f3269c502,51212d73-6ab1-4a07-86bb-ecdb1e23f687
public_2507,clipgt-001b28cb-b8f7-4627-ae65-fda88612d5bf,04daa488-2f90-417b-a9f3-245f72dce5e0
public_2507,clipgt-20b155e0-c26e-4fba-9d34-21ca609cbba6,5a517a8c-383f-4384-b156-3b4011213d6d
public_2507,clipgt-095cf563-c5d6-4f4f-9e98-7f179e733560,78e2593f-254b-49db-9e44-27d935682daf
public_2507,clipgt-166fe701-83b5-473b-9f3f-a2401fec3c78,e03c117d-714e-4fa1-9125-fcaaf8f75888
public_2507,clipgt-127c4f85-a5db-4920-9813-7970dcd6ebdb,7df2505e-7fb9-4e2a-ac98-f99d26a8b8c2
public_2507,clipgt-16db28cb-4a75-4216-b6c9-afd2d97c5f85,e3dabccd-5077-4fbe-9c8e-c14bea86e4ba
public_2507,clipgt-16fc3dfe-41bd-4199-86e9-69188de13312,329429e3-368d-4007-8bae-39f495d9fccf
public_2507,clipgt-1deba1be-55e2-4f85-8669-d7e4703c6a29,52ba6309-bc83-4613-aa0c-dd31c2b51468
public_2507,clipgt-167f9d8c-812a-48d1-98b9-c9fd29feb860,6beb2b43-48a7-475c-b84b-c6d2ea5f27b6
public_2507,clipgt-1c7e2423-77d7-40b6-bf26-f36fb8ebcf52,8be9f3cb-4f98-46fb-b550-e447211a3687
public_2507,clipgt-1492c7af-08ad-45a1-90d2-cd1519d844ae,cee2e792-97e9-4f6f-82ce-003addab6b18
public_2507,clipgt-2036568b-916a-4d9d-b4c9-9946d2b3d62d,d58c3d21-4d85-4eb8-a5bd-5848a85d7c44
public_2507,clipgt-05ecbbf5-d88c-41b7-97f2-f4ac2615a8c9,a4a2a11a-1c80-4d12-93d1-cb88d5b9c040
public_2507,clipgt-0aed52b3-1394-4dc3-8553-c60929e6acf8,72827000-b671-46fd-87db-2bbdfae04097
public_2507,clipgt-0e02fb8c-182a-41a6-a194-010bc7ef4f28,cf637109-b514-4e87-945f-aa9e39ea2f97
public_2507,clipgt-1f816661-b271-479b-ab67-72057de1aadd,a96088f0-df6d-4e1e-b0b6-b0ef1a2ac5af
public_2507,clipgt-09b3c476-dc23-4739-8586-15472e99ee9b,ad0350f3-e71f-4f67-a461-a9bad33f7e23
public_2507,clipgt-0cf6368d-ff81-4489-b01e-4103371ba12c,0ec543d5-1fa8-4fa6-99c5-b951e3accd11
public_2507,clipgt-07ab4a5b-e934-4fff-b5d1-47efedadac47,fd6db6b6-e2ca-44a3-ba08-6e5227f93119
public_2507,clipgt-13a9767e-35c2-4d91-bba1-4326fc018dfc,ab175c5f-6f6d-435d-a42d-9105102007f6
public_2507,clipgt-1f3816e3-9036-4124-82fe-bde06f7a3721,83887d20-971c-49d3-8183-7bd7bfb73dde
public_2507,clipgt-2431387d-b9c5-4241-a219-497a99d1f4e5,537f3dce-0272-497a-be6d-6ca4f27eb594
public_2507,clipgt-1d1bf6a0-c41d-4a72-b018-51e20250f421,8c48ded6-d8eb-4a60-888d-67e8ac2fea34
public_2507,clipgt-18d28973-336c-430e-be57-49f6b56fd827,41d613ca-9223-4431-a82c-c31b906f6282
public_2507,clipgt-1c0c89e4-807f-4a5e-ac16-c52ef00dd313,4f9faaff-f318-4f0a-8024-e6382f3e2dec
public_2507,clipgt-0d76134f-350d-44b5-a694-208e9dab9600,76934f33-2f98-4f74-a882-7da92ed2677e
public_2507,clipgt-0f1f60d5-785b-4a47-8436-7046ad1a3d21,ee69f7b1-f289-4897-8d52-8232df05cd26
public_2507,clipgt-0e256b3c-e706-4d6c-ba17-751e4ab7f226,e1dc363b-db17-4efe-9cef-b7ea0b22e193
public_2507,clipgt-ffd5706c-d61d-4b72-bbc8-5e078207cd64,b368a55c-64db-4d2d-91e6-0d2c2a654d7b
public_2507,clipgt-fece9f19-fd68-41f6-b406-edd22d4aa15c,78b7ca8e-6ee1-4ecb-b2e3-5ca61cdf6d58
public_2507,clipgt-ffb26632-8c84-433e-bde2-9caf285d8090,153d2c3e-dd9a-4c2e-9794-834768b98358
public_2507,clipgt-19f339ba-4f3a-4025-b774-4b271e639f2a,dc02eb18-79ed-4983-8362-32f7f6c91b60
public_2507,clipgt-1a050ead-6fcd-4676-ac5a-2355300a909c,17daa84a-3337-46d0-8bca-89d5863a3efe
public_2507,clipgt-098e2482-6db2-473b-b08a-2a80be9320f3,d4f330fa-ec0d-4032-adc9-f1df7364755d
public_2507,clipgt-0feb3afa-28c0-4a48-b74c-636676892966,699559d0-88ce-492b-9289-613992315077
public_2507,clipgt-2854bbf0-3dac-431a-9e48-4c26ebcd1c77,cb33aef0-8688-4764-a182-debdc97abfac
public_2507,clipgt-39875322-9804-49ef-afe2-93719b034d37,b3a546c3-8cc0-4477-95f4-aa902e51355b
public_2507,clipgt-11fce928-d921-42fb-b202-29608242745a,496f1c29-f5ac-4122-ac8f-40f20940b6db
public_2507,clipgt-1be9be8f-d443-4f2d-924d-f96d280f0c81,b183d1bc-f444-4e26-aa57-74b628dd97e5
public_2507,clipgt-3225dbf8-76e8-4189-af3e-e20154442da8,ca80cf97-995d-49e1-be55-0bd01f3ace83
public_2507,clipgt-2205649c-9fad-4f64-85df-ecfd2707c43e,80f1846d-2011-40f5-9481-ef913527ee60
public_2507,clipgt-0fd2c051-f5e1-4416-9bb5-9b93d92f55fb,ed88b922-966d-459b-aff9-d80994169519
public_2507,clipgt-404cc92f-193e-4948-b600-77ddc425dcf0,d27408c2-5e0c-4e9d-aa4c-49e1db4d85b5
public_2507,clipgt-1dde2ce8-cf39-4cf7-a1d3-3da09965ffca,6b368f06-ecf5-482f-b426-20c266d8b547
public_2507,clipgt-22a92557-7661-4a06-9854-b0a7f17d5c84,ece83a9c-3206-4bea-b440-7cad9b841492
public_2507,clipgt-1c841180-ba2a-41f0-836b-650e535d8741,65ea5e6c-7b89-45ac-92bd-d2833705f6e7
public_2507,clipgt-13fb89b9-2196-4545-abb4-c3029d89fcbe,d26b7fd8-2477-454c-a71f-6d4826113383
public_2507,clipgt-02e075b9-fd24-426b-971b-7cfcb2074cc9,732a70d6-f06d-4662-be12-838e4fdcd4cd
public_2507,clipgt-04749bb9-9b37-495b-bed0-77f0e33ac7da,217170e4-8c15-4fc2-a46e-91881a9f5b9b
public_2507,clipgt-1ef4e5bc-ea88-4cf0-9b07-d0dffdaed145,0c34435d-0507-4c46-80c5-d02427715b6a
public_2507,clipgt-29f4242b-7ec5-45a6-b1bc-78f19417390b,8c03fc3a-a4cb-49c5-889c-0e86cd43c1ff
public_2507,clipgt-235c5235-95a7-4952-bedc-ed230d244324,b87faa1d-5f98-4350-97f6-0f6c7fca15b7
public_2507,clipgt-1bbe02fc-9785-48a6-9fa2-026b42c99654,6b23acd0-c5c0-4d9c-b031-7e005d6e536e
public_2507,clipgt-34f76732-139a-467b-a4f5-4d881add96a8,dc2815d5-6348-42a4-bdfb-99bab0a5686b
public_2507,clipgt-288829f8-8808-46dc-a7e0-29ed1f7fddbc,6fd5e18e-b51c-4a26-8226-c6d1e1937649
public_2507,clipgt-317fbc5f-bffa-4c17-b143-f214d9453d8d,090348ab-a194-41d3-aab4-55352c789d56
public_2507,clipgt-15dd433e-ff56-47b5-82c4-ea91f8f7443f,fdffd363-dab1-47a8-82cf-d0159951cb6e
public_2507,clipgt-28bb2176-ff3e-4389-9138-87a1af7d6f5f,c12a1cc6-4a33-4fe7-8a71-8f408ea7b24f
public_2507,clipgt-22b748b3-c1a6-4e12-8e53-8607679a0cb5,815fa64e-f7f2-4a6e-9677-1eba539c295c
public_2507,clipgt-1e7bc103-82e1-44f5-b86a-856fa7412038,a8b6de0d-c897-4067-b350-e26cc85802e4
public_2507,clipgt-225eb8de-bf61-4fa9-b4b1-1f749cf8b57f,92faead1-cd68-48e3-b640-45cc16fce419
public_2507,clipgt-34226720-8869-4f9b-ac91-76bdc4f80afc,55531e1a-836d-47f3-a223-99ea99dca25a
public_2507,clipgt-307a1b77-7fce-4427-8175-4ac14d0147d2,860c859f-8867-4e62-b713-e0141c8ba813
public_2507,clipgt-23f7c59c-bdb4-4359-a1f5-05ca0aac824b,194c80a5-d4ef-4d13-8ed3-165cb7967a3e
public_2507,clipgt-0499fb41-122d-4180-83af-f954a9974d3b,0ef9fd05-8e8c-4f5c-8815-52415ec73c8b
public_2507,clipgt-28d92a45-12ae-46c5-90bb-796cfd754875,074be092-e111-407c-ba1f-30ec3929bd80
public_2507,clipgt-3948d3e6-fc32-4a96-a590-7c6db2470a06,18731b6d-1cc1-4ab3-b3f7-794c1585bdf3
public_2507,clipgt-2329e12d-9dac-47c3-a83f-8c2784a0c817,4d1660f2-847f-488a-8dac-bd9c4760ad6f
public_2507,clipgt-12449274-01ce-4d5e-b5f8-5fe675668dd0,bb73117a-7aa3-4c45-90d8-7a9ea933f98d
public_2507,clipgt-2d2673a0-cc80-4ba5-ae72-0588836ed07e,11fe712d-67d8-4f70-8572-a6743ed51d85
public_2507,clipgt-31b9fb57-75f3-4276-8926-9e84d75ab1fc,4b9d3f50-5e24-465f-975d-7dae700c45e5
public_2507,clipgt-13d646af-4ff3-48e4-9a88-012a58eb6cd6,0b0460fb-f165-412b-912a-cad0be9a9687
public_2507,clipgt-29fb826a-9b22-4a1d-8e51-b8d5bee542e5,50f66b78-f97c-4697-8c09-360a3e74fb61
public_2507,clipgt-1a5da90a-b970-412c-b97a-a1111119b456,dc2c9951-10c4-4fe2-a6be-9f69bf980e4f
public_2507,clipgt-2fe500f7-de7e-4291-83b0-4db00357016f,5f2e57fc-a5da-4b14-8c34-c46ba82f3cd1
public_2507,clipgt-0ce6f2a3-a6cf-42c3-9133-111139be1dd1,08c42e91-13aa-4855-818f-9f0e0a4a29a9
public_2507,clipgt-20c02adf-a773-4167-9231-82f89c0121be,8dbba3d7-f1ae-4aa3-9cdb-54429710ff86
public_2507,clipgt-01d503d4-449b-46fc-8d78-9085e70d3554,5c4e7d14-90c0-4cee-961b-983e4d45db3c
public_2507,clipgt-37113280-a033-4be4-afdd-cb199299e028,5c62808f-a2f3-4072-a824-741c91918c22
public_2507,clipgt-35b7b92a-b64d-4b54-afbb-d23f0b4df598,092f1d0c-38dc-4108-9eaf-dca881361384
public_2507,clipgt-2f474f6d-509a-483e-ad4d-43fee7b4fb06,f02e094f-6f35-4309-9efa-aaa29858a040
public_2507,clipgt-3689391b-2b63-450b-9878-3804c70583ea,28087003-9790-4477-a9d6-dda9fec371e2
public_2507,clipgt-05f35348-9de0-4f68-ac65-f31316dbb59e,73b281cc-68d6-4ad8-bfc9-0b8446889039
public_2507,clipgt-3080d0eb-830c-4035-a7a4-393ae04556c1,c6f24d6e-99b1-40d8-9872-43c1913ce095
public_2507,clipgt-0ce02937-f31b-4b4e-8286-3af73ae8861e,da38a411-c37e-4ed8-a804-954cc95f819a
public_2507,clipgt-1920170b-0317-4211-9b7c-1002c9925d7a,128ac7fd-3469-440a-80bc-2ea4f006cf24
public_2507,clipgt-07981e6a-22dd-4796-ad2f-1252037ecd28,26614f1e-0e4a-4295-9112-57b7944279c7
public_2507,clipgt-1bfd39ec-e09c-41fd-94e7-5fa70aac3a47,653d4aa9-90cc-49b1-ab6f-fff7b60d91c7
public_2507,clipgt-1d205d02-7180-40c0-8242-22e57ad977d7,dbe75f5e-6302-47a5-96e3-0e53b00cc333
public_2507,clipgt-12855a41-ba51-42a7-b5d6-8d75ae7cfb5c,e141b347-9557-43b0-8735-076d4849b11b
public_2507,clipgt-2b4b2e84-cff4-4697-a4b5-ccb706f69438,4ef65952-b946-42b4-9cc4-fdc732be270b
public_2507,clipgt-218cce90-9835-4c8c-973c-558c316ee68f,77c28148-9656-48e0-97e7-188b100242cd
public_2507,clipgt-3b9258a2-6c29-4467-9c82-d043d61160dc,b7fd5b2d-9f2c-472f-aaa4-96e35ff6dd19
public_2507,clipgt-24e426ed-e651-4278-b4ea-7a4b90d80edd,11aa75b8-2ea9-4053-b70d-9a1484926e42
public_2507,clipgt-348210ac-6ad8-425c-8797-f2babe6c8850,bb5f98ed-20f1-4d69-807d-2b9c59f13da3
public_2507,clipgt-21829be5-61af-4627-8758-7170324a3236,5f18fa69-c7d8-4225-9c2e-73aadc936ff3
public_2507,clipgt-1d0d601f-bba0-423a-8f3f-8942bb529fd7,399b199e-81df-4a92-a68d-cf62015d03c4
public_2507,clipgt-048b974e-1546-488a-b8f9-d32bff77f5aa,367c276f-13d9-4287-8354-0e1defbca078
public_2507,clipgt-0fd06bc3-1899-4b45-9278-c5c018b3968d,32c33667-2e58-4a0e-b86b-8d594e1e095b
public_2507,clipgt-33fe94ae-7e43-4c2f-bb0e-b23fc677f957,d0b93a95-5346-4682-84c6-9103cb2272a7
public_2507,clipgt-26344d44-4751-4446-a31d-e982c4629eb4,d77f84ff-86fe-4eef-b7d5-b4ecb9582a82
public_2507,clipgt-339deecd-ef83-4e22-8bc9-2b6cf2a5f9b4,678cc5ab-2023-4dab-b7d6-1dac00cee5ae
public_2507,clipgt-325f6c39-d822-4ecf-9cd2-e6afc69b0f7e,c346044f-2bf1-4794-9698-0a77c1c81733
public_2507,clipgt-0fa7060f-1481-4ff3-977e-510285e2515d,fdb25193-c08a-4ad5-b67b-3b7d793ab564
public_2507,clipgt-36626308-fe08-4180-abc6-76ef1fa1cb39,8979fde7-1ec6-4827-b2a3-0a9b066e4454
public_2507,clipgt-2c9a5309-e6e3-45d6-b30f-c1ed724bf7a6,ae4e92b3-4f60-425a-9fea-6fbab9295c09
public_2507,clipgt-2c9a4206-432a-45f6-8507-98a8648621ca,404b19e1-e446-49c5-9a59-981227577a2a
public_2507,clipgt-139ba54b-45b2-4e63-aef6-b20f6566b37b,d1f8c820-aff9-4921-a6e6-7e00fde3ac44
public_2507,clipgt-20a057e5-c79e-4e78-934e-754a8de365b2,f0b22b03-81aa-4484-bf4f-29ca412f7a65
public_2507,clipgt-14a02b32-08ac-493f-b9b5-5367df0cc568,2d670819-e981-4855-b1a1-e3de36b868b5
public_2507,clipgt-2ce64e22-57fe-4d5f-a0ea-2d1825b01ea9,c27769da-c7b2-4b08-8e3c-35fd7cf09002
public_2507,clipgt-2bcf87fb-e50e-46fd-b221-01caecb2145e,99e90665-b9ca-4a83-9285-5edeac1c695c
public_2507,clipgt-11e62ffc-ebd9-448b-88ca-61796a5e5db6,2cac836d-cc4f-4460-8e63-e9f31a7d7311
public_2507,clipgt-3232fdb7-2b72-4e25-8726-4d9b28281e1e,a553c90f-f45f-405d-8c61-b14e34b65251
public_2507,clipgt-3cd82dee-d715-4152-a696-f49bc0e98dfd,95c5dc5d-d5d5-4202-9be7-2315203cee08
public_2507,clipgt-68e53160-f9d1-4070-9434-bf50c55652d3,25ef0cbc-daed-49dc-aee8-9cae3358910d
public_2507,clipgt-56d2efe5-c05c-4dbd-a606-959d72b73ff0,7845d644-e6c4-455c-9014-4d9a08e6b449
public_2507,clipgt-6f6be966-190f-4b1a-a9c2-79feb78ab775,84eaaa01-9584-460b-a537-23bf68be5d66
public_2507,clipgt-5ae9758a-2109-4bb9-89eb-a13e74ff50a1,5b4b39ee-257b-48b2-b6ba-5da38b1f4f41
public_2507,clipgt-5d2827ec-3b1c-47e3-bf78-1e2003b7209f,f55916e0-918d-419d-bd4b-24fc0d4b22f0
public_2507,clipgt-7742bd3a-9e15-4ff5-a3c5-ddd63156e99c,2e825c59-8bbb-4e57-b376-5c877c7dfc69
public_2507,clipgt-4ebbe43e-5d3c-4689-ba5a-521947231b77,3410d588-50d2-45b3-b991-003b793a1ee8
public_2507,clipgt-71d7d03b-95bd-4329-a8fb-c8e9891cb478,ba556133-3876-4f93-b685-9669193a0d24
public_2507,clipgt-79f41877-aa59-49bb-a8d9-f9ee194e26a4,f39aa06d-69c7-468c-b8bc-c565a6f0ba8f
public_2507,clipgt-710d4717-bd08-4bb0-b6de-5d1e5d5d92aa,1f41167e-b69f-4d72-8871-c8cbfefd3e51
public_2507,clipgt-6a3927f1-777d-49c5-85ef-4c74537a03ae,ac58d04b-910f-47d1-8418-4eaad35db45c
public_2507,clipgt-4f94f84a-10b7-448f-b904-0222058e5915,eeb10aa1-0d18-4218-af5c-40aa7821810a
public_2507,clipgt-772b0438-a9cb-4601-977c-334166d442fd,5058911e-a895-4a26-9eef-ab72027b2513
public_2507,clipgt-702366ca-58ac-470d-8900-7ed4b2880462,e66985dc-e90f-438d-b2a3-d0c70a3cf121
public_2507,clipgt-54eae82b-a69d-40f2-959b-8ef87b97fc93,55db0535-7752-4181-bbaf-d8598089116a
public_2507,clipgt-70e1ccff-a8af-4107-9f2c-f72d6eb33d66,3b094dba-415f-41ec-a776-15d0eebfab85
public_2507,clipgt-7a1b835d-1756-4100-8a8b-28e5ad81a4e2,a8407f52-6fe9-43c8-9d69-d5903f8b1c83
public_2507,clipgt-559d4ad6-aed7-4065-b25c-cff64aba28c0,b5069736-a67f-4d8b-a65a-c050e58eedb0
public_2507,clipgt-4f33ba35-9d49-4f66-9408-a2896173d04b,c62dc093-75b2-42a1-b17d-b4a62da6ea64
public_2507,clipgt-76bd5a24-2b0f-4637-8114-be0cd3ba28d2,8f5699a8-96fd-47d1-a53c-a4aa95ab4e71
public_2507,clipgt-6ea7f154-7b37-4d23-bae7-3023bddf33d8,c223bfac-0bd6-4911-bd8c-9e6a0ce93dde
public_2507,clipgt-77c473b0-c640-4a70-a499-c7e37ea0f179,6cf7aac3-9ac1-4740-9400-7c398a92b062
public_2507,clipgt-6afccd7b-4cd8-4e06-9bf0-190dcc25efdf,01122e51-46b8-49bd-8de2-194a5e62e79d
public_2507,clipgt-64b9f7a6-3873-4b9b-ad10-78ab4a5f4a16,d4c37b04-4964-4239-be83-2103b4f237eb
public_2507,clipgt-6e6cbe67-bccd-4d4d-9943-933a272b7bf0,e00409a6-2683-4867-a2d5-afe8457b2001
public_2507,clipgt-6db8921b-e103-4cd4-901c-b2726849be7a,7f2ea82c-c008-44de-ac65-e58374eaa259
public_2507,clipgt-5fdca843-a663-4993-a957-aa65f32cff6a,596f1078-7322-4f18-9b0f-4115c1951cb3
public_2507,clipgt-6464082b-7e79-4294-a234-90639bb19c70,65f8767a-b023-4814-b382-c82035c43409
public_2507,clipgt-6bec4e02-ae49-4092-9d66-136ee490e138,2dff696f-6a8b-4c46-a20c-9598f64944f1
public_2507,clipgt-660f8185-7054-44f9-9435-7531a372a38a,6891e5e8-bb66-4a76-a154-c232d2b5aa54
public_2507,clipgt-549c2925-f917-4b01-a6b4-9124e0758ae9,7c6b318a-1e34-4d02-aed9-6f148912ebb0
public_2507,clipgt-605bf77a-3998-4f01-aabb-0a3c7f5eaaed,d9608d38-ca85-47c0-9247-d567e1019efd
public_2507,clipgt-6250146a-7f9f-4508-851e-e25b7d9dc36a,66bbd1b1-06d9-4a5a-a254-c8119f338c30
public_2507,clipgt-61106668-1a33-4ca1-9e64-4041381a37f4,dfa3cb64-1f7e-4f02-a829-ae9e07a74cbb
public_2507,clipgt-797bfe76-a749-4b94-8ba5-c59a63de51c2,e74de3db-c8bd-4cca-a7c9-28e2b5db4e51
public_2507,clipgt-51aee21d-dbab-40e8-8238-9b641a89244b,1c71eea7-1726-46cc-932c-3d7f22f0418f
public_2507,clipgt-5775a998-77f9-472a-8d12-f2b036a4cfe8,d33312f9-e51c-4652-8be4-17b14d37b6a6
public_2507,clipgt-4efa3c16-8188-4c7d-9fc1-345888bca8a5,e268d591-7754-4f9c-b84b-027b530e0c74
public_2507,clipgt-53217e76-be75-4714-96ce-eff459f8e1ab,a2b522bb-7e05-483d-bd19-eaf7f1e50e88
public_2507,clipgt-5c871a72-ca26-4e8a-9bca-0736260285ea,4ced0a82-515c-4510-9301-95fd49cd6503
public_2507,clipgt-6ddaa5ae-d50e-4cb8-a416-d66caf101b93,2cc6326a-a5ef-4bf3-8df2-dd212771afd8
public_2507,clipgt-6023999c-cab4-4e04-92e6-722284a0065b,ef1c73b2-8cef-4fd5-8dc6-999653ad9fa1
public_2507,clipgt-583e08bf-b173-4adc-9500-ba7817317b95,9f501904-67d1-435d-841b-7cd178e26226
public_2507,clipgt-6d8226d4-3e08-4754-871a-fcc4c6f1c11b,4b23499b-0dfe-40a2-9285-8bf65e39fe88
public_2507,clipgt-6d95a6b3-ef42-4cc0-941f-dbed4d15901a,8a0fcac0-41da-4c26-b5c7-63fab6b193c4
public_2507,clipgt-655dfa49-1d51-45a3-b6f4-0856db73c414,1b1294f5-7873-4335-ac3f-86195202263f
public_2507,clipgt-53a5e342-5254-4ea1-ad73-020f83a8875f,07a95c25-e132-4bf8-a381-72588261885e
public_2507,clipgt-56e1a0be-993f-4fd9-b951-907645cbfb29,25c3335c-f51d-491c-a7de-f42a57fd6fd8
public_2507,clipgt-7807500f-4a25-4262-8aec-07f764cc004a,67e04961-0e8f-4153-9bcf-fc7e26f84e74
public_2507,clipgt-6ae687bb-da85-487a-a76d-5e1e06e783fd,8d0e4dcb-33f3-4acc-98f9-d2155888054b
public_2507,clipgt-6d7e3264-ad31-4134-a9cd-17edb066c444,d9188f5c-2b77-4e6a-b48d-4a03db77245c
public_2507,clipgt-66820d2f-2cac-47c5-9bd2-1cf78128bd03,67229fce-097d-4086-98ba-7541b919a125
public_2507,clipgt-4ecc114d-4c76-49bb-874c-601561d738bb,0613a150-f888-4419-b682-e0e65977cbd1
public_2507,clipgt-6027da62-8d21-4895-a583-1de455ea9803,1a5c3c12-c3cb-4a36-a1b1-1714ed1224b2
public_2507,clipgt-59a2e98b-938b-42cb-9901-4429ab7c4534,55b41573-be2e-4841-a4a0-f465da48051a
public_2507,clipgt-61ef954c-3162-48c0-a5b8-e2b1ff479358,edeaa438-97b8-4892-b297-14e3f7137bc0
public_2507,clipgt-7396591d-4a3b-40cb-9169-b0308558c9cd,30266606-7aea-40cf-9ae1-84a9118e211a
public_2507,clipgt-77805015-3ea3-439d-9bb8-f25ebf506b65,d4aec780-9d05-425e-aff1-3a28b48982a0
public_2507,clipgt-6f91e3eb-24b6-4dd2-9431-451518ce1a93,93ece3d1-ab82-4b9a-9313-ff3b499567ba
public_2507,clipgt-599c94eb-1fa0-4abd-bd5a-2cb2910fc39a,41dea278-313e-4b55-840f-cfe851a5c948
public_2507,clipgt-5d794411-c055-43a0-8f33-0118cbb902e5,32c24d0a-0897-4da1-9075-50d0230b26a8
public_2507,clipgt-637c0aee-938d-4ad4-a472-f4666c85ec7d,ad1e3e69-1a57-4dd2-852b-cb5b19872beb
public_2507,clipgt-4ec84bcf-76d9-41bb-93e2-ffa5147f94c0,3ff22124-6720-4538-a562-a6c6275a0a28
public_2507,clipgt-66874a1b-695c-432d-a911-00aeeb89065d,a2137aeb-eb1c-4d06-b0dc-69c0550bba2c
public_2507,clipgt-7591d290-7c8c-490a-9a1a-c1ff0e492461,0ac0abe6-be82-424b-ac16-87130d8f7d99
public_2507,clipgt-76ef0511-96d4-4494-bbaf-685c6ece6bce,2bf51f9f-5b38-48ec-99b4-1e759ea0e91f
public_2507,clipgt-5f474008-e0f4-4011-beb1-282f0fc40030,d0672f84-0de9-4181-a237-e58b1deefea0
public_2507,clipgt-55d152b1-48be-4eed-b808-fa8300f5d4d0,0af3ece5-eeb6-4cc4-a3d5-fdaf5bd366be
public_2507,clipgt-64c33c12-0bf2-4e64-a92c-e1129485566b,731af71e-56a6-469f-80db-1566ba61aefa
public_2507,clipgt-6473b827-1f6a-4c04-b222-5ec8db5b3ff6,f2a58db6-16ca-4a9a-972d-4409307f288f
public_2507,clipgt-616e5804-5b6f-4bc3-8a0f-c1fa0d37423d,3f3c647f-eb6f-48f8-aecc-7d4df2443c40
public_2507,clipgt-59edf9b2-ff19-4bf1-8562-092c9959d10e,2f41d151-6b32-4417-af4c-0fc14b09d66d
public_2507,clipgt-64c5e830-a863-4a9a-95ca-a6800afb7edd,1f0e0a84-bcdf-43f1-a6dc-d4fa0f7c43ac
public_2507,clipgt-68c3be44-7f95-46ce-ab72-ee05aeb986bc,8c4fd3e7-2211-449d-a1fb-74259cdd7ece
public_2507,clipgt-709a6467-e1e3-495c-919b-2fb05663f070,a1b130d5-aebb-4ff2-b8ef-233891c3a942
public_2507,clipgt-662bc0b8-c3e7-4c06-bc1a-f2bc013205ce,3392949e-0bd3-4e70-8ac4-27ceb752af15
public_2507,clipgt-7313bd4e-e07f-49ff-9f74-fc42935fb54c,1d503af8-1e01-4ef6-84aa-fed8ef62c21d
public_2507,clipgt-55cc9873-fd30-419a-a8ef-8f8f287f4c30,a845111c-229a-43b3-b3af-ec0c6ba7fc25
public_2507,clipgt-6fb661c5-8780-401d-9798-745ad08a66f5,042f6336-2f1f-4d9f-92bf-7c0028747aca
public_2507,clipgt-41424eff-22b8-4b7d-8cc9-3197c3dc2825,da98d25a-e86e-46bc-9ab3-a9472109a7a7
public_2507,clipgt-45eb781a-8712-4fd9-8563-02ef9800eacd,822cf5ca-b066-435d-9674-7a4af5099b55
public_2507,clipgt-6b5ca926-4526-412b-bd26-500a3b4b8695,68b37fe3-f619-4c31-b9b1-161e06fe945e
public_2507,clipgt-4ccb410f-907e-47d9-897c-56db0a8c5f71,cf5afac4-af84-4da8-adc7-b80df4ae4019
public_2507,clipgt-75565061-1967-4ae4-b30b-25d2a1ceac18,42166cdb-8775-4bb2-9f4c-852f72b89db3
public_2507,clipgt-48a50c2a-ab84-4249-aa38-d983b3466e64,f6176fbd-020a-451a-8207-9e30eb75b3d2
public_2507,clipgt-632d7f35-cdc1-4c54-80cf-c68012fa5f45,380438e3-d9c6-4259-af4d-dbe247355bb2
public_2507,clipgt-6725df2d-072b-41aa-9d5a-a6040e5e44a9,d04f0971-9b1f-4728-aaa8-5f54ac897548
public_2507,clipgt-734f6aa3-f1db-4eae-abed-21a1773335aa,93236f0e-97e0-4462-ab71-b474904096e9
public_2507,clipgt-6dd0b533-cb90-43c4-838e-518e84487751,3c933352-c2c3-4621-862d-a1399bc5aaf2
public_2507,clipgt-5b39ea08-21a5-4427-8ab3-8038c45f4458,4f583eac-9fb6-4bb0-a61c-d314b7840973
public_2507,clipgt-700e4d24-205c-4419-a359-1731a4264b0f,d7f57934-b07b-4cb1-9dcc-0a8b0505ae48
public_2507,clipgt-55b7be99-88a0-41b7-b46b-e96509c2d38c,40078dd9-d7ae-4473-a82c-e64d0583728f
public_2507,clipgt-4cfd325d-76ec-4ee4-abb3-d7b174ea67dc,0143100e-55b7-40e8-a686-2ad984a598c0
public_2507,clipgt-5f064b02-2066-4dc4-a04b-b4386ff80c84,f974160b-4c52-4b17-ba88-24ac9e757e8a
public_2507,clipgt-6404193c-f3a9-4172-8852-d6b157d2dd1a,4f5f64d6-2f19-4424-bedd-7ada5476096d
public_2507,clipgt-4530d50a-8c39-4929-b55d-ea657d5e863d,b0902f6b-9f7c-4b8d-ac74-74abca7c65c4
public_2507,clipgt-5eee2b9e-513e-4514-b639-980326ba2b2e,a6fb353a-d89b-4fcc-963b-6470da99ac9b
public_2507,clipgt-6532f25e-2e8e-47ca-b627-631bb466847e,1fbf9d7b-402e-4ec6-8152-1ffd8ecfc8db
public_2507,clipgt-593ebf97-e555-4571-bb85-49ba33432b97,c9387c60-7998-4f79-90bf-d5b6e0742fea
public_2507,clipgt-4ed20121-2bf6-473a-b02f-90811b9bcb58,a716e8da-c181-47ce-aa9a-c60808631762
public_2507,clipgt-6f3be572-0c6a-407c-b9fa-136cce998e3c,93c513c2-ff0b-4d7c-992b-3a7b22b2ad9f
public_2507,clipgt-4a091b74-4ba0-46e3-90bb-be1370076319,4df0fd76-e428-4a84-bd8d-922e6d96cff6
public_2507,clipgt-610b3fc7-8d43-4342-ac2e-6f6d6b8b16e9,db3942bc-eb89-40a7-96d0-e6b85567ecb0
public_2507,clipgt-5dde348a-e6d1-4b78-bbea-f60a963a277f,e79257ad-bb08-4b4e-8beb-4549f72f0dcc
public_2507,clipgt-45727fa6-6f3b-4a4c-a7d2-0e1d35328a7a,f5661100-8e41-4de5-bcea-755479b184fb
public_2507,clipgt-6f34d20b-4c3d-48e7-b7bd-e29208915358,d22767aa-0ec5-4e98-9450-fe5619d618cf
public_2507,clipgt-4d9be4c7-0205-4f2e-b187-e98a1402b2ec,73a79862-7469-48a4-84c0-5df1ffe6442d
public_2507,clipgt-6ee9ee78-cb61-4a1c-a45f-2d808f311c7f,2cefc5d2-388b-4333-9fe9-47260d0987df
public_2507,clipgt-524089d2-9ef6-4529-a3e3-6bdcda7ed3c6,48a61fb3-34dc-429b-9c55-2701af3213e0
public_2507,clipgt-66291265-ce4e-4859-80b7-d4f3dd85a970,0b1c6800-7e6c-4ebf-b12a-eeb535648236
public_2507,clipgt-4a495c2d-2bec-4591-a304-09ab964538ef,00503f4b-02d9-4ae4-90bb-4c3a4b49d9ce
public_2507,clipgt-4ce9f18b-d251-4bfc-a72d-58bac48fd525,5b000a7c-fe8d-410b-8129-d67f53fec257
public_2507,clipgt-497bf4e1-dfc1-44f2-b112-93c3f24542cf,3e434c98-369c-4eea-ba63-6762003c664c
public_2507,clipgt-7171354f-dced-498b-a50a-545c053c7b0e,41fcac11-82d0-4c75-9bbc-5eed83e4e853
public_2507,clipgt-4848b5fd-72a8-4594-a2eb-9d5702f694e0,a7561c2a-8645-4dde-a5a9-e2f28b45b62e
public_2507,clipgt-71ea5d51-b936-4cd6-bb3a-e7f528927ca0,0d7ee51c-a239-4e54-a0eb-2a7886b14de8
public_2507,clipgt-5c1b7555-64fa-4ae4-98bf-4cf24e6de0a4,d9951946-421b-4165-b579-b659e57c7999
public_2507,clipgt-5240502c-001a-4f02-aed9-da86a4d307d1,49bcba04-b612-4dc1-be7c-9f7660a2e407
public_2507,clipgt-6d268a11-8a3b-4cfe-ac96-ffcb3e543e64,419d8f21-87bd-42a2-b5e8-5d479dc0962c
public_2507,clipgt-5e24e1e3-adaa-4028-86f3-c9fa9616b42c,872e0830-2644-4ccf-ad04-4631d5687162
public_2507,clipgt-63ca82ed-e867-4cc8-9587-847a34f29c59,bbec574a-f4b6-492d-a051-ad8e3db9a2b3
public_2507,clipgt-61fb78e2-4034-4ace-ab87-accc23b0ba7a,42e109a5-403c-46a5-a918-07849cce6231
public_2507,clipgt-428a3ed5-1ecc-46e5-9c9e-4a5ba8fe2262,a27a4c82-6e9e-4a16-8edb-6be3c13eaec8
public_2507,clipgt-70d535f2-bd5e-4028-af69-b1c1c0b41602,4f9ebe39-3c97-45af-aad2-f530fc01b094
public_2507,clipgt-51f8799f-cb4a-44b8-9c27-2af8b9d30f2a,535b7c94-9d2d-40ac-94a1-f40e9d9160b8
public_2507,clipgt-6dab4ce7-1dda-4a3c-8692-b92c50ee69c0,476f7545-974f-4e0c-bdfe-c51cd9fcf1ca
public_2507,clipgt-71473118-103d-481e-8752-f6f27ffc9fa2,48ea8589-8ad9-4c37-9d1e-15c4c51d5d93
public_2507,clipgt-4627a337-8422-47af-a6db-d69cf7c155fb,1dcbba66-c314-4f54-906c-9e8db2042afd
public_2507,clipgt-593e97fb-eaba-497a-9e1a-cc29460900e9,e39403d9-68f3-4d56-a97d-0705187ed377
public_2507,clipgt-5ac1a321-a0cc-414e-95c1-1463a9fcc957,146f3a5c-cc6d-4aa5-9fff-d74820d7c84f
public_2507,clipgt-54a63683-73a9-4621-9c67-4da295e04424,0316918d-63d0-4462-b8d0-14047aabb839
public_2507,clipgt-518b91d7-c8d7-4863-92b8-c59caa8128ad,34640835-0200-4aa2-b005-63077293e385
public_2507,clipgt-4b673ab0-c718-4e65-b6a7-89d85608fdec,712891bf-bea9-4b10-8958-57ecf0a5c0b5
public_2507,clipgt-5266c7c9-e038-4555-b0b1-407521a5ec51,e609ed62-c275-471c-beec-27d99bad50c5
public_2507,clipgt-6fddbd01-70cf-4962-ab42-e7eac7742a6d,836354bc-735c-466f-8c39-ec87ea3d7ad5
public_2507,clipgt-65907a2b-e934-4920-9580-c8f14fee5164,828bc928-5938-482e-9cc6-bce9812d0fdc
public_2507,clipgt-626d4b3b-18ef-4de1-8b19-6c72f4e79e4e,71749eee-f911-451d-80b9-20c84cd00e58
public_2507,clipgt-45fed0d9-1f8d-4d36-a15e-efb4c33eca6c,83f6625c-e8bc-45ed-896c-9a410a6fc5b3
public_2507,clipgt-75ad98a4-a2de-4eb8-be40-dadfa0d10351,3cc53524-3c24-41d4-ac7f-74a1391b87ca
public_2507,clipgt-5c4a277a-dfc2-46de-828a-e80eb658f68e,51d087f4-7866-41b6-8e0d-25268c4b9d3f
public_2507,clipgt-601c88bb-a638-4b9a-9274-0020e5d92dd4,2ff9b72e-fa7a-4b12-8137-3b42edad37d2
public_2507,clipgt-5a38c811-1e28-4a67-9239-54ba2b695950,f4ef6dbc-65fb-4d0a-9af9-12160427d18b
public_2507,clipgt-535b24e1-d287-4f1a-ac71-de628c68e4cc,dd0d72ed-8c0b-42e2-85b6-b3ac072cd7d8
public_2507,clipgt-5ebe79fa-04ce-4105-8fe8-f4ff15fd8d44,fa98b97e-03bf-42da-a9de-a3c4b4b6ebe1
public_2507,clipgt-5ab1d9cb-778a-46d5-b89f-720b6f185457,bd92d08d-2b02-46cd-acf3-a1df33a50796
public_2507,clipgt-4832dde8-363e-4f96-98b2-f299ddc5478e,3f184a22-7e13-4e3c-8b6a-35919eb0c609
public_2507,clipgt-63844633-ef7c-4c48-8a61-a50af34b9e09,5e003f87-c61b-48d8-b9e6-1d71ae702c79
public_2507,clipgt-49b58a05-9a02-4dba-b958-a484386c5dc2,1aefa8e0-2957-4647-b6e4-8aabce46dfc6
public_2507,clipgt-6e190b33-73c2-4958-8448-db999b871a78,c864ad10-ab64-44ee-a056-b2f3acd55707
public_2507,clipgt-73ee2cdb-1b63-4b6a-93f6-3b73af8ede2b,f0adb392-ec6f-4bad-be97-dec92bfd254f
public_2507,clipgt-6f0678af-2881-4eb2-9317-387c71c9191b,4725ef08-a170-43ff-8b6a-1dc91585ee74
public_2507,clipgt-f1a1256f-93c1-4e6f-8664-9ddfcf9e5ba6,ab5bb773-ed84-47cf-9bcf-6e1461817492
public_2507,clipgt-e39fb49b-8938-4a63-811e-1edff7d1065d,9999ba06-427e-4478-b845-01e7a77a0131
public_2507,clipgt-fce18b62-3fd4-45e5-8af9-367270d5986f,63c87cf1-926b-4c3f-9007-45d0dd2b134a
public_2507,clipgt-e86e5751-209e-443f-ac1b-8bdc3827e730,a49b8b71-51c5-4144-b5db-dfbeb052c883
public_2507,clipgt-eb7e7674-8022-454e-b957-e7757217b078,01932102-7624-405c-ae8e-b5682cf628a3
public_2507,clipgt-fa1f799f-b2f3-48d7-a61b-e06c619a5514,e2b0610c-0ec0-44ef-ad4a-df386740bee6
public_2507,clipgt-ef27cccd-7bde-4961-906e-f273c05c647f,45a50047-5a4a-459e-bbd8-6fff7fdfb702
public_2507,clipgt-d6b59ce8-f037-42cc-aaf0-53798c3955f8,0b7b569f-87d7-43ea-8090-bea65a3bfb31
public_2507,clipgt-d40b54d8-c768-4876-ae6e-f3b37d0c7c4e,93829af0-1f37-41c5-b8b6-645a4aee6ce8
public_2507,clipgt-db450d95-7096-429a-8a01-dacf94cd4036,df4fce79-e19a-4cb1-bed7-7bb67c4f65e7
public_2507,clipgt-eda66f79-fa63-418c-97e6-14b91a0c615f,5fd27ee3-c54b-4c60-8ebe-959591858109
public_2507,clipgt-e7581b00-9520-4a57-9d69-e85503fda417,c43aca36-c3fc-49e7-9515-c04567308ca9
public_2507,clipgt-fad0784a-8223-4c0a-959e-7c0241485f49,4d90d069-0a3e-450b-a07d-49b8983abce5
public_2507,clipgt-be674501-8f83-4837-a7a2-13f64cdbdaf6,a1f83f16-46b7-4926-912d-f1f27512a776
public_2507,clipgt-f0674f19-6030-4e5c-9031-cd2528c35e06,5e688ad5-a002-45d7-ab60-0d5ffef5bde8
public_2507,clipgt-c5b21e90-35ec-4578-84d0-e7cecc5ab80c,f969275a-6d52-4384-80dd-ef83324f87fa
public_2507,clipgt-f7ded74f-fbd2-4e57-9ee6-fab842eda85c,e462b205-fd58-48d5-9d25-b1d5754a81e6
public_2507,clipgt-eedc28f2-efe3-4d6f-9445-9ba2cdaa56a0,caa8eb44-c2cd-410a-a88e-8f720dee7819
public_2507,clipgt-d9d390a3-8527-4918-8097-42ca325d835a,212f6dd8-e5f5-4205-8323-84b3a18991fb
public_2507,clipgt-fba5d7c7-102d-4e9d-84eb-f6e7a53b37eb,a31681e8-9417-4c7d-a532-18380c28c683
public_2507,clipgt-c0de5bb2-4c11-4348-8369-7d231699e7b3,1ea71fa6-f015-4322-b5c7-a8ecc81f590a
public_2507,clipgt-f2e97ba1-c980-45cc-a358-39ba1d1381eb,c4fb0890-d089-4b6b-b4b3-4248dba97ab3
public_2507,clipgt-c547b601-7515-4195-b47c-5dfbe4652c88,3a77ba05-82d1-4a40-8643-bc879ec36088
public_2507,clipgt-bd49eae1-2f1a-4fbb-aaa5-cccd4b013106,e2973e2c-4f85-45ae-a279-1eb8dd8687cd
public_2507,clipgt-e0c7a82f-3728-4115-b4ae-c8e719e358dc,cfdd2d4a-a445-4d00-b326-a191703d7017
public_2507,clipgt-fe2979f4-db32-4a82-9ea0-865103216ac4,8bc35d88-3942-4f5b-960a-f46ecc756d00
public_2507,clipgt-f146fc3e-d484-441d-9c3b-b84790613794,c680ab84-4500-470a-8d43-5273bb8cc441
public_2507,clipgt-d9b72fb3-f1a5-49a9-a04b-645fb7bf0df5,985e2a35-4e35-4d4f-b118-ec7233afab9f
public_2507,clipgt-d1a25a99-0f02-4730-a076-96f067e92874,dfd3264b-3720-4b50-b315-1e1d691f222a
public_2507,clipgt-f0d30e68-17a9-4f76-9500-d3f514a5e94e,0d68d271-5cd0-45c3-94dd-d55a181946ca
public_2507,clipgt-cfe974a4-d507-41ad-aa3e-8cb79360566e,f49e6f94-0160-4948-942c-2ca28a8a3d70
public_2507,clipgt-f4553255-8c28-42f5-b601-bfe614b7ab77,ebd3ba69-6def-41bb-97e1-25a9de7c17fa
public_2507,clipgt-cc8cbc45-9ed7-475b-bc5b-a0a2ec66a7b1,eeb96915-1d2e-4491-9261-6fd72e7a755f
public_2507,clipgt-c42044c0-40c8-42f6-8f5b-5b9dc2480b02,43e66b61-ccb9-4706-8429-d4fcdcaeab6c
public_2507,clipgt-eb00439f-6219-4290-9d61-b8b3530cddaa,7a0e30a3-0afa-4643-ad26-15251a388255
public_2507,clipgt-c2741fce-84c1-42f0-a18f-07f6d90c848c,24bca270-0907-4e7b-9440-1d64948c7f3c
public_2507,clipgt-cbb22323-0b4b-4364-8fc5-4a47357d4df8,6f7bb944-02bb-4da1-9926-5a15f13ea3c2
public_2507,clipgt-df829727-390c-4b7b-b218-597e4e7a530b,8cd6b24d-79c7-48d7-b37b-4e946e1205fb
public_2507,clipgt-f095ecaa-fd12-4448-b384-b11407bc5c4f,2ddcc087-c44e-4271-8803-66e0d111f93b
public_2507,clipgt-e8531437-c044-448a-ae4b-5c578dbbdb36,2bc5c0d5-2c03-4f8c-8b7a-bffbb4e90186
public_2507,clipgt-e8a54ce0-0245-4f7e-8f66-f3a2aeb53629,84757973-0a83-408f-a8d3-f3046405163a
public_2507,clipgt-eabf93a3-62e8-4302-b989-354e7422a644,81eed28d-8c3d-445b-b853-c667306cffef
public_2507,clipgt-fbbadc60-8365-48b6-acd9-aa546f76dd95,361b4086-7327-444c-b2d6-d1b2d2352d6b
public_2507,clipgt-e7c1aba4-a984-4aa0-b22f-929310dc0fa2,d2436ab7-7693-4243-9a9e-d47cc825ee22
public_2507,clipgt-c896c0cc-64c2-4e1e-9629-3de98d2343bf,1c8a1114-b8ef-4a52-bef0-818bbd555b34
public_2507,clipgt-f803b3e3-2c70-43af-80e0-44fef67f207a,ef1678b7-facd-4640-94af-1d50c1b4dee0
public_2507,clipgt-f18c6340-ab0d-4f06-8185-260b90430062,40024eee-8475-4656-9142-43fc5f68e473
public_2507,clipgt-f890fe10-a8f6-47fa-8884-cd6ee54a940a,64848e5b-53ee-485f-b38f-ca35d446bf32
public_2507,clipgt-be183bd3-96a4-44fd-988b-bd7d22e4fbdb,556bae16-d3f6-458c-bb28-c282ea9e6c9e
public_2507,clipgt-c427e855-c796-4e4d-94cf-cda02de7d390,8cc63148-f9d0-4ced-9471-b967b9779b1d
public_2507,clipgt-ce0cb386-0f67-45b8-a6b5-4798d3bcef20,5ff80a1d-645a-4ffe-bd73-3a55c30e6f67
public_2507,clipgt-fb6d1a18-16cd-45f2-b80d-fa963ff59de3,2c23fca2-f9cb-4afd-8287-e478b24fdb4f
public_2507,clipgt-e7667d0b-fa8f-4a0c-9ebe-330fbbf27067,f0510777-0d87-4039-9001-f420db0eef09
public_2507,clipgt-f0e5ae95-e4e7-4a47-aad0-37b136e23dd8,0d00a76b-fcff-4878-a9c1-266ad018a52a
public_2507,clipgt-c88c52d3-afce-4897-bf28-998ddc928d8f,af50930b-fb65-4148-abfc-5962b2d08047
public_2507,clipgt-c8cab401-90c0-4e8c-809d-28d7411119de,495cefb2-58d7-4e8e-84f2-fe75914ea64d
public_2507,clipgt-bba237df-1306-4130-bdf5-83d216ca71b9,381ce389-d51e-4836-89e3-4ce3a1b2c9e5
public_2507,clipgt-d2715023-a903-4e67-9b80-e6c76dbbbd99,1dd889c8-c811-4fb0-aea2-81ca8fa7d544
public_2507,clipgt-c9fccb24-b432-4b72-98a2-4ccd282a6fa6,7a193231-ded2-446d-a1a7-7e0877888de8
public_2507,clipgt-d3ca77e2-8c8d-44ae-ad49-45471301e578,9a3d0bd6-ce97-4010-9383-4e6fc261ea4b
public_2507,clipgt-e3ed554f-cdea-40e7-955a-7153341e755a,f17d37ea-a893-453c-b706-bf4bad79e4e6
public_2507,clipgt-fc9fde87-6b71-49ff-baad-2ac992e7e034,49b0ec25-dbd1-4d0c-b390-a139e4047b0d
public_2507,clipgt-d07c2655-fcb3-4469-bdfc-518bccc5f3cf,67de3341-d122-4f95-b9cf-5dd38d18eb63
public_2507,clipgt-fe0c2168-7da0-46b7-b29f-efb80b0a41dd,29826b3f-834c-4702-8a2a-1d281c60f7c7
public_2507,clipgt-c4249f4e-6f54-4b82-83d0-5868839468ac,7de40887-1989-4ef6-b70b-1ac03c6af69c
public_2507,clipgt-f2bba238-2d2f-4b2b-8243-3166c428f22d,f16b49d1-669f-4d7d-8156-3d367fe565f0
public_2507,clipgt-f55825ac-4cd3-4222-8fec-2da2aed646a0,4d3f0179-9543-4ea9-8f84-c335df20ca05
public_2507,clipgt-cf3cd4a7-d49d-4858-aea6-bdc63e766c08,85d7d35f-1a32-4cf2-b3f9-58a52cbd1709
public_2507,clipgt-e3e470e4-1d47-4ae7-a543-ca18292cc1f8,4184eb76-c742-4398-b65c-cb4b3396c90b
public_2507,clipgt-e2224ff8-35c1-45eb-ba1c-6d29dbdbeb8e,766087cd-2b10-40c1-9e77-e3fc17d4a652
public_2507,clipgt-f45e7779-718d-49ff-b59f-42c74a77b9a9,7ae64293-40a3-43eb-8e0e-3320dd589a5c
public_2507,clipgt-c390b208-2672-4db5-b8aa-b98019fe03ee,9e2e21e0-3511-4a73-a0f2-19a4265df0c0
public_2507,clipgt-ed32f15d-ba6a-4951-9391-db3d7a3a8ebd,d85dfb27-95f4-4d84-aa1c-a1a3d15d7816
public_2507,clipgt-f7bbceae-cc40-4fdb-9643-122c54f2c7b2,4f5cf5c0-2ba9-419b-b532-a63e365db3b8
public_2507,clipgt-f5f6d4ff-6a4b-49f0-a1fa-d5b6fb03bdff,fc83291d-09a4-4484-bdf3-2dcb1b91c963
public_2507,clipgt-d1fca92f-9c5d-437a-aab2-e0bf237ef573,b79370db-42a5-4fbe-bf0a-421669a9f52c
public_2507,clipgt-cb42eaf6-cced-481d-bf00-20fbfd8729b8,ae4f84e8-68db-48b0-83c3-084c44f91315
public_2507,clipgt-c0f085ca-7b29-41ea-9fff-7905ee13126a,35843654-3a26-460f-bbe6-b0baa496b86c
public_2507,clipgt-bbc53aa8-7009-4139-b7c9-38d71ecfac7f,46cd1f6e-6837-425a-a6aa-cd3ccfcb13d1
public_2507,clipgt-a3d1e9d6-21df-4da7-91d4-00b2aab79ac5,58ac223c-8515-47f5-8baa-b7173ab11025
public_2507,clipgt-b8d73ce0-1728-4a80-9722-7b841f55157c,012227b0-b1ce-4614-be43-cce86fa56758
public_2507,clipgt-a1c1e7d5-8dd8-4953-bdf2-a60237a7f36f,72b8f11a-813b-438c-9156-0d5056d4761a
public_2507,clipgt-86dce47a-0e1f-44bb-80bd-ee2ffbe986c5,64cb841e-cf6a-4669-910c-178cba652a1f
public_2507,clipgt-9d8fca3b-10c0-408f-9c3a-486ae4ea6b98,f498e04a-548b-4cfe-8804-27ae3a4f479b
public_2507,clipgt-a99edad2-4ee8-44c5-9acc-509359bfcb0f,863fe915-39c1-4110-9f49-5f94209d5d32
public_2507,clipgt-7a3d8529-f5c4-445d-97ed-8303b2ece934,27f90050-0f85-4a83-90fa-ef73e3feed6b
public_2507,clipgt-b988494a-2a9a-4791-8613-679c8e506007,155a60af-bc33-4fdc-8ad5-96d3f4c122cc
public_2507,clipgt-ab90f21a-227b-4395-aeac-be73e0cfcc8d,8ef6e4dd-8f14-4637-9969-66b237686895
public_2507,clipgt-891e6fc3-eefa-4230-9751-2f72958091df,0ce05740-5e93-4706-a8e0-d21f9e0e9de3
public_2507,clipgt-82f505c9-6a41-4984-b72e-1d71254c4bd9,205ae4fd-efe9-49d3-a964-9aaa92f71ced
public_2507,clipgt-b867a504-9dce-4666-9405-62aec7fcfb09,d4366d7c-bec6-4c09-9d64-0901ef04607e
public_2507,clipgt-873ed540-50bd-4ee7-898b-517de85f37f0,15af94e9-997b-4613-8213-f0c1c3cb7716
public_2507,clipgt-994cb976-c692-4103-92e9-81f04e61959a,696c6308-99bf-4111-ad17-8222b8493845
public_2507,clipgt-85e8df35-1c8b-4236-a64d-45e79324f69a,778da2b2-8487-4de0-8a1e-6c286333bc5c
public_2507,clipgt-b2d85ef6-0f4d-48a5-8874-6ac944f2fe8d,70a95ec3-76cb-47c8-926d-50fc2038bdde
public_2507,clipgt-7e6e2bb1-b441-484a-bfac-281400f65d89,78e0d330-06cf-4fea-99e0-4f89fdfd1e1a
public_2507,clipgt-a2b415d5-2d72-4cc2-a77d-868248d0ba22,0330bc20-89f8-4587-a229-8a9b06870b0a
public_2507,clipgt-b1dee661-0d64-478b-a19f-78526a0afdb7,4903ee6c-91f3-4783-8dfc-889ed02f4a36
public_2507,clipgt-8cf7348a-6353-4470-9cfc-31c00d332a6a,1ec3271e-b96e-426d-a3b0-d3d47de69607
public_2507,clipgt-86a858a3-637b-4afd-8ec6-8cd53721ec3d,eff17021-5f87-4daf-999a-4174f118c26d
public_2507,clipgt-9e17ce05-b221-40a7-8ded-08d3cb018147,e0878049-9822-429a-9814-4361ad3b12c7
public_2507,clipgt-8023dce5-c512-43b2-a946-45fa7c19ef9d,df21a39a-cd4b-4c88-b845-8c6694c433bf
public_2507,clipgt-7cfa81de-ec20-4f9e-add1-b1165fb9de99,06303995-17c3-41dd-9cc6-a8be0a0baf8b
public_2507,clipgt-77a1c037-1ade-4326-b5de-9eb9d49263b7,a480e22a-678a-48d8-b8fc-469b3dc4d2e5
public_2507,clipgt-83171cce-3daa-4b9b-88c1-caeade9b00e6,d8e049c3-c22a-45d3-8019-1bca2d89ef75
public_2507,clipgt-8f9ca4ab-5534-4c9c-8a6b-aa8f745bc7af,c1aaa6ed-0f30-49c4-8b12-881c9817d90a
public_2507,clipgt-aaf093de-2f7a-444d-97bc-296b681fd996,f3860f61-13ed-4f31-85b1-eca6b53947b9
public_2507,clipgt-9973e572-f9b5-4347-8bb1-90ffb1291c0f,ff789feb-b982-46d8-9ac5-fe794491c3f2
public_2507,clipgt-a75fa79c-c796-4689-8b44-34c599d3bee6,3b9de598-441a-4e3c-b202-f1608150f88a
public_2507,clipgt-977bc140-56dd-4806-829f-caf87810b926,8604918b-307e-435c-81b8-1dfadcb79fa0
public_2507,clipgt-88c177dc-3efe-41d6-8d6f-c8e7f548cb90,1f53325d-f25f-4c40-8a46-70e4ca9e819f
public_2507,clipgt-a32549eb-9106-4357-b6a7-b4fa4b025c78,d838f337-0802-45f7-b4b5-78a689bd9cce
public_2507,clipgt-af874fc8-6231-4284-bb68-12f88c7bf12f,e00014e4-91cd-4ebb-b262-84d0bf99d830
public_2507,clipgt-91d84204-d511-464e-b986-6cab844794cc,f61fa3d4-a563-485a-9361-26bc7a29d1a6
public_2507,clipgt-a7d14ffa-d0bf-4df0-802a-639948f36888,56a0902b-3adc-47da-95d8-c24cb7402dd7
public_2507,clipgt-7b403b05-e309-4dfd-b1be-4fa98fb3c3fa,562dbdb4-ba00-4727-94cc-95befc7f0f6d
public_2507,clipgt-7747986c-9aae-450d-b10c-b7c42b882c68,8c07e7ed-7e8e-4dd6-b96e-9e83ec87c371
public_2507,clipgt-a72b3cac-29e9-467c-bf38-f59f6b55a7d2,f4ee5c24-0e2d-41bb-868e-af4fa3efa661
public_2507,clipgt-98554693-d510-40cd-b442-eef9e4102b88,4c521819-bfd3-418d-9f0e-3cafb091f861
public_2507,clipgt-8e9691d4-0a0b-44bd-88c9-316ef126b10a,b0666ca7-1dac-4879-91bb-6eb91e94d5f3
public_2507,clipgt-91f9b960-2988-4daf-ab6c-d43e6730a81e,28792a84-f5e1-4933-a314-62dadba32f24
public_2507,clipgt-abc2dc67-8e69-4bc5-bfc7-3b4e0db31e35,0174a53f-d22f-49ca-a64c-87ad8fdda4aa
public_2507,clipgt-ae723017-f248-42f1-a480-4328524ce949,a93f63f3-ab1f-4b6d-80d2-9b94a5ea7bbf
public_2507,clipgt-b0947992-20f3-4355-903b-92fcddb84528,68b180c6-44bd-4034-816d-fca185b9de23
public_2507,clipgt-b0e94b02-ba58-4d47-b8ec-9c09e0bcf900,6f08bfc7-c14e-4714-b908-0cba4d8aa6b9
public_2507,clipgt-764c8a4a-bddc-4e3c-9df4-0941982efeba,aa544ba0-d5a4-4ad0-aff8-66dc86212edd
public_2507,clipgt-9c892e05-ce95-4eb7-8bc6-ae18f9ac1a44,fc1b03ef-b838-4937-b07b-b19b0c74f945
public_2507,clipgt-b44a4a44-0d00-4795-8a66-7acb0fdf46a2,19b5e80d-bdec-4e7b-be37-4c989105d5f3
public_2507,clipgt-776056f8-5986-4bee-b4a5-ebc191e68da8,ba77fcc4-f9da-45b9-9cf9-f4d9379cec8a
public_2507,clipgt-7cd29a50-39b9-40d3-8ab5-d75a7efe7bc1,598947b9-27fc-4d5f-93a0-dd12b5851113
public_2507,clipgt-ba99f59f-f448-4b00-989f-da12982d2571,4fe95526-af3d-4e5e-9ef6-0d62fd0412f7
public_2507,clipgt-a0eef9d8-6a3b-4a33-9a14-92f699a1aee3,2510b2cf-2550-43a2-9638-a298ee2c3e78
public_2507,clipgt-b0ca8b13-0362-45e7-a1d1-f40d22f3340c,a89dd53b-3963-462c-82db-0f17844acd96
public_2507,clipgt-86d06a78-3ff2-483b-a319-9a772fce45e0,c058ce0b-1e00-4c02-a84c-3a1048512c1e
public_2507,clipgt-a278cf55-daa7-4822-a186-11b9ada42d9e,134467ef-c008-42bf-90c3-740148eefaa6
public_2507,clipgt-afcb2149-4598-4d79-bd7e-62b8be932173,25f1d504-2314-4732-933d-3a0799086d80
public_2507,clipgt-af093ead-13fa-4634-ba5f-108434543aae,e91db6a2-bbb7-450f-9ab1-979f88eb0ab5
public_2507,clipgt-8196e111-df23-4129-933d-b998b80ba245,626e1e62-48b8-405a-b8f5-6ff4d607ec86
public_2507,clipgt-b27b3375-5028-44bc-bec7-64785793734a,b74ce0ee-a014-4f40-9922-ac516c325ccc
public_2507,clipgt-ae5b6532-6396-4bcc-bc30-758ca184e899,41efa941-a006-4a6d-9712-f4be4f87a248
public_2507,clipgt-954c1983-7ed6-4f06-af5b-3672e1d8b77f,3208bf51-e31f-4e4c-9c89-462566fb2481
public_2507,clipgt-903731dd-809b-4bae-9ebd-a53e5d49dbbd,88c5433a-21ef-4a7e-9630-d8f8fdb5bf55
public_2507,clipgt-7750265d-c41f-42a3-8b49-ee128b71fa55,673df331-02c6-441b-b37d-4374f67b8234
public_2507,clipgt-791d68ce-fe38-460a-b11d-c19a68f4c8b1,82875991-f44f-4011-a537-eaae845bc465
public_2507,clipgt-844c717f-dea4-4f72-86cf-92752eceebe5,c995390d-7dc1-405d-a02c-3d43f2e24c53
public_2507,clipgt-9478cdc4-4d6c-4d25-a842-f30f826fb9d9,ca09de4a-7f8d-45c2-90e1-8ee4801e85b2
public_2507,clipgt-b88aa3d5-aab8-43d6-82f4-f2334d57be18,be3bc5f1-0ecd-454b-92f5-d62e067af41b
public_2507,clipgt-ad447ab2-4c1a-435a-8542-bb507b9ecdd7,d6e0ee8e-3379-4739-964e-beda1b71c356
public_2507,clipgt-b5f5259f-03a9-4853-a0cc-884d74722657,ad83893a-4e82-4a5b-bc16-919414ed4240
public_2507,clipgt-b2a82269-6d14-453d-802c-cb46611b2603,16d8764b-bad5-4cb7-8b86-e25334e27f37
public_2507,clipgt-76c2bb81-6435-44e9-859a-2033ca05173b,adad0437-cd18-4fbb-8a17-a00d87084105
public_2507,clipgt-7707768b-d684-45aa-a5b2-7727fb39565d,45ba5a7c-17a7-42ce-8818-b43bc41788d0
public_2507,clipgt-8d3cbdc7-22b3-4116-9a4b-1d57c2727b87,194204da-b8c0-42da-9ad9-509a4b34488c
public_2507,clipgt-7a4272ec-f67d-4c51-835c-357a3395efcb,87e3a941-b91e-40af-8d33-03e4367684a5
public_2507,clipgt-acd22430-0c18-43bc-a036-af9804eaace3,51b4c0be-77af-451c-8020-703a9ccadab9
public_2507,clipgt-b8e12e4b-80c8-481e-ad6e-bc22e4d3c2fb,c9e0c3c2-5439-477c-9a46-6b807b0c44fe
public_2507,clipgt-b799daf9-2f85-4bb0-8a47-17f96cef1bd5,81f81afe-bd6c-44cf-bd80-643a596c8bba
public_2507,clipgt-ac030b40-1701-4d26-b7ea-5017162e2758,622de249-620e-4122-9552-709a3de0c94a
public_2507,clipgt-7a824ffa-5404-478b-8f20-667d342cbc69,9e315267-4fa7-4e7b-a978-9429ea092a9d
public_2507,clipgt-92af888e-acdd-45e9-b8bb-06406f232300,77a2e3ff-4cdb-4fd8-8571-8a8f7846a231
public_2507,clipgt-b1588642-dad4-4ee3-a56f-5337b85ba3ef,cbe6bb5e-77d7-447b-878e-740ac884e609
public_2507,clipgt-a6f6032f-7719-4aac-95e0-6320c4cb8896,4b069ea9-93c8-468e-bad3-c9f1bf538809
public_2507,clipgt-b6f09ef3-b4aa-41e2-b257-a118f7afaac2,d4f00805-f7d8-4c9b-b731-9b4fb2bca0b7
public_2507,clipgt-862841cb-413b-4be7-9544-bc20c41fe22e,ba3b4207-d24e-4139-af55-8c79c8c676f5
public_2507,clipgt-ab09743b-ac37-403b-b84e-29089fc58474,69d27ed8-c616-4a5f-9a6c-7202e96d5114
public_2507,clipgt-9c6b0313-a5be-410d-8e40-430b2adc6144,2b5a9736-7766-4e4b-9ac6-218eb6ab6db5
public_2507,clipgt-a6941bb6-6c7f-4842-8134-ac84bd95fe44,823a2ef4-922b-4c7d-9d5d-f80a348790f4
public_2507,clipgt-85461521-d2ea-4880-b348-c6c4c42c5acb,6a54537b-1a94-49c5-9dc9-c920969f8cfd
public_2507,clipgt-48a48ad9-bc17-4543-a1b0-9e22fc02d8b6,53d436e2-addf-45bd-b336-10465684a5dd
public_2507,clipgt-48c8d69a-7e42-4615-a260-ac27faa07e7f,ac5a2989-74fd-410a-bba7-d73de47b1684
public_2507,clipgt-43e7ed53-d38f-4b04-9225-bfcc3875ebb5,d0bc2335-c115-4765-becb-e644a0080fdd
public_2507,clipgt-422c7297-849e-4d02-9ee7-c696f42d4b82,59a184a0-9faf-4955-9d31-6d54879fc131
public_2507,clipgt-49e0ea24-2925-4fae-b590-3f725c1063d5,b4e8f7de-09e6-4fbb-ad6e-23dbd94137eb
public_2507,clipgt-4e8c8f9e-f530-49d1-ba11-d05c96acba1d,a00a7e82-851d-4119-b996-7005d6768119
public_2507,clipgt-2c0ef536-8175-462d-8268-cbaa62ec6f99,c0d9d8c7-85ac-4003-8849-9713e32c6c51
public_2507,clipgt-35953aac-81c1-4815-a5d5-4134c08edaa6,34664c02-451f-446d-9432-787f026e4af1
public_2507,clipgt-352260e7-744e-4c0a-aeed-fb6f25ae9804,b73417f9-4cb3-4eaf-b89b-392592932f3a
public_2507,clipgt-4cb7f7ac-edf4-4857-b841-2d0f46eb43f7,d168411d-b6ae-4b3e-8e5c-6749cf1772fa
public_2507,clipgt-2e109d83-cefb-4c81-ba3e-012700335c5c,7c46f68b-91ce-434d-98d7-99485d4fc44f
public_2507,clipgt-2726cee4-301c-4d59-ad14-64fad8032e87,7fe4ca83-5bdd-42df-ac76-af8125f29346
public_2507,clipgt-422069cd-229d-48af-8482-227066c3e55e,f6cc2af9-f195-43c2-88be-7cf86ba027ed
public_2507,clipgt-454da34d-3b1c-4cfe-bfd7-066c5fdd240f,798f9c5a-0991-4a8a-a664-a737ad5253d7
public_2507,clipgt-2d10a08d-2f60-49fe-94e8-9d2797a289d2,b2f3bf16-b69d-4b06-8eb0-39edaa02e3d5
public_2507,clipgt-29815599-a5e2-4677-8144-f3d831bbd142,80a4c179-d599-4015-91d9-d45a418d7187
public_2507,clipgt-4ae4dc15-541f-4efd-bb02-032540ab2998,4545bf7b-7d01-49bc-bc73-9e1be93fccb3
public_2507,clipgt-2a356a82-3672-4fd5-ad80-174a780ae0c9,94d32f70-b5d6-437c-a9fa-14c4b58924f9
public_2507,clipgt-3f80214b-4e87-465d-9704-bb03f2bf01e1,42a1bb67-41e1-479a-9b26-26d2d2c87e39
public_2507,clipgt-2d023524-451d-4dff-89aa-0ec40f42e456,1993d418-3970-41d5-a3cd-6198cab17074
public_2507,clipgt-2bc33d61-dc87-4258-b2a6-660d20f2051d,f710b57f-6161-4a77-a7bf-4fcbd175a1df
public_2507,clipgt-3b9f9fa6-c966-41a5-9a6c-c64374d97e7c,ff6da322-060e-4630-b5ed-70b6234dc237
public_2507,clipgt-3c772c77-a319-40a4-a7ec-ad96d92abbb3,0dec9a5d-5e11-407f-932f-f83cdad305db
public_2507,clipgt-39f3ab94-d506-421a-9f85-3b7dd00094c1,2d6bebdd-ffee-4c76-bfa7-47ec192904f2
public_2507,clipgt-343fcaaa-39ec-4f65-b2da-8e7c87fd40bf,b1cbcdf2-a74a-420e-9103-5bc03826679a
public_2507,clipgt-35e082a4-8543-4fce-ac06-006b2da0f144,ba5210fc-cdd5-43c7-9b55-7a22d23935bd
public_2507,clipgt-3f222d30-0256-4de7-b2af-acce198c721d,d6f85657-e2a5-4bbe-9f18-40442e7e6338
public_2507,clipgt-44bec16c-7622-4e23-810d-54f44959a9ee,786f30a3-c6b2-4618-9ac8-7d3a9a7a5353
public_2507,clipgt-4a6f01d5-97bf-44f2-81c5-8e88b439d268,c4d44314-5780-462d-a56a-7f61d41b466f
public_2507,clipgt-2acac2c5-2fe4-4481-b389-dc9fdce0c90a,14f789cd-44de-4a59-8041-28a3bc9197de
public_2507,clipgt-44e97708-8896-49ac-b046-cd489253bcfe,0f44e835-2f81-479f-82d1-b9bdcfbf70f1
public_2507,clipgt-31ab4b94-98ef-448f-bb1f-e16bc8d5b832,17053557-9f4b-4859-a391-82e14b5b3653
public_2507,clipgt-3a1341fc-81a0-47b6-8955-bdeb4a709d20,a0d08042-c5cb-4ddf-b6db-b8a565d51655
public_2507,clipgt-3abb7821-04dd-48c8-bda9-4326844b611f,4728a2c2-1da2-4dd9-9cee-4bd289d3f738
public_2507,clipgt-2e1ce314-9498-4a16-ab3a-837e6da25bf7,cd641c84-17b0-490b-adf5-eeb4cf11ea9c
public_2507,clipgt-2cb1caf7-ec7a-460c-9354-14cabbc60263,0d83c943-8cf6-4bce-920d-cfae3f293eac
public_2507,clipgt-2b8f1bfc-145f-4da2-9cfa-e9cd97e53845,e748de9e-6950-454b-a5a7-c472a85e280b
public_2507,clipgt-38e9aaaa-1a5e-4b6e-8991-ec266bdedc78,17fe8ca8-2b15-46ff-b98a-f0ce0e7315f5
public_2507,clipgt-30063806-4116-4bdf-976f-d10b1df7d9e2,499a96a1-e533-4251-baec-03a3ad6b1efa
public_2507,clipgt-49d7436d-b1c2-4c49-a4d6-4c64f6f354a0,dcf722a8-ee07-44f7-a18c-f5a6293e6b4a
public_2507,clipgt-3ae073df-35b6-45af-b73d-00d6bef41ff2,70aaa821-6e41-4402-97ec-01a973d64f50
public_2507,clipgt-27a8bd68-4f4b-4dde-96a0-95b4de726dc2,78eb378a-ed00-46b5-a5c2-6e7d77a57c94
public_2507,clipgt-36509650-f204-40e4-97bd-7d8ae7422c71,f0f5457a-4ac5-4997-b97c-3ebc54a6e4cb
public_2507,clipgt-3a18e43a-4c52-4082-9e8f-bf37ffe5a86f,5c531101-64a7-47e6-84df-71669a4cba4e
public_2507,clipgt-31390e97-294f-4bfa-bc01-951fbed5a121,290d98fe-114f-41aa-92cc-48aa079158dd
public_2507,clipgt-39973d65-0c1a-4401-91a0-f0c389e15688,0212b1a3-b134-4a60-8f86-95fb10c184d8
public_2507,clipgt-320c11f3-42e6-4179-b4d1-23fd4be62feb,cbe6100b-eed2-4754-8469-72d2038a5f9e
public_2507,clipgt-3d1e57dc-7301-4c0a-88f9-91d0c58476b4,7440e48b-d1b9-450d-9fe6-a9db170b945e
public_2507,clipgt-28dcc0c4-5912-4a9b-99c5-b0f3856698d1,99e2e47c-319f-4943-afca-a455b01c01a6
public_2507,clipgt-25f6ad44-f4ca-4b73-9038-9295546e0da1,ca039a0b-4a08-40d8-8bfd-b133f7a0a170
public_2507,clipgt-3d343ae9-6d5b-415f-be2c-aa8d0ebc03c9,ac356520-d7f2-4b4b-a57b-943177224101
public_2507,clipgt-2ad86965-7adf-4698-af12-c8851a7d46cc,df897f52-80c7-4303-b4de-c5ab19870eea
public_2507,clipgt-2517eae8-ea91-4ed2-a713-dc02366cb6d9,bf572829-6631-4e0c-8cce-329b871b4d3b
public_2507,clipgt-455160cf-9eba-42d1-b0ed-bca84a4bd61b,7deda89f-115b-4182-8e09-072517a94294
public_2507,clipgt-3717cd19-ac06-4d95-8225-0b92c04ada41,4154af16-3cd4-4a7b-88a3-685dd6b55694
public_2507,clipgt-2f380e80-0b15-4d00-a03b-a107106ab0c9,6b524591-7c57-4534-9e7c-dfbb25c419e2
public_2507,clipgt-2eafba22-31a0-48e0-84ea-41c97a18f557,be2fe95e-c01f-42de-85e9-c813ffc1a725
public_2507,clipgt-476d7af6-0b07-49fc-8d3b-6ebdb154efc2,ccbbcbc4-5a7c-4489-8a93-bf9d4553556a
public_2507,clipgt-3e73027c-2d42-471e-bbdd-364cd9d5d989,235712da-2bc0-4a80-ac7f-d57f534ebdc2
public_2507,clipgt-3ece7254-60dd-49ef-a846-f14e2fd00927,8f44e6cd-d686-4eb3-a958-52029e99e6dd
public_2507,clipgt-460a9160-90dd-448b-beef-afbf75a33d7c,298317c5-a885-4a9a-bcda-e3f02d3637ea
public_2507,clipgt-4228c50e-e240-4b1e-9d70-e5b61dad1183,a8135c1d-684f-43c6-9210-6723cb3f1beb
public_2507,clipgt-474e4031-322b-4427-a5fb-0eec4ae23264,2fc54bd2-6149-4d34-a08d-9ae38d1e2d13
public_2507,clipgt-46252225-453d-474c-963c-bc0cd917e7e4,609c91dd-ce4c-4b75-8e8a-237a0fd4372e
public_2507,clipgt-3f7c3b2f-2cb3-4443-a60e-ceaf1133c704,4bf499d4-89d3-4441-8595-d42990082836
public_2507,clipgt-44df49fe-0729-4c30-98d0-5a40f43b7b09,6e342a36-2327-400e-bd47-aa6d938a0f67
public_2507,clipgt-3e18388c-aa5b-4152-99bd-f93e570bd2ff,5980bc5b-6a7a-4129-bab7-af828b81b075
public_2507,clipgt-44409f00-9b06-4103-86d7-d48e41a539e0,c5dd84b8-18b7-400f-a65b-67c90a964d53
public_2507,clipgt-2da7fb57-852c-43dd-b3fa-f64b88d49fe4,6de8168f-9bfd-4acc-8960-7d621ecdc9ab
public_2507,clipgt-322caa08-a1af-4b5f-bfb6-d99beacf5596,c12532c6-dec3-4e5d-95e2-67df378275f4
public_2507,clipgt-2e76251a-fb78-44a3-9501-bdf5d7447a3b,699c4812-4681-4e37-876a-b78b951e7b37
public_2507,clipgt-251c0932-ddab-455f-b9d5-3958ad2bc036,66eb72da-d9c8-430d-91f7-2950f6faf9fe
public_2507,clipgt-28e3a9ca-66bc-4d25-a684-fefd43da3e88,52d4c061-4bb7-4dd8-99cc-e5b1d2136eb1
public_2507,clipgt-47b294a9-d611-41a6-b724-a41474838440,ee5e0425-c47e-49f2-9bf8-d2ec7613d1bd
public_2507,clipgt-4bd800df-199e-4503-a84b-c9de05caaeaa,b639d8b7-6f73-4366-83dd-8d300c5a891d
public_2507,clipgt-3a75ba12-03c4-45b3-bbff-25237729cb3a,354c33cb-e944-41a6-bf3f-06ac9646f795
public_2507,clipgt-e36cf4c2-03a0-4af2-9146-48a5372efb3d,b8050b54-f3d5-4720-a2c4-734709bfb5d6
public_2507,clipgt-d9818cf9-1dd2-4450-bb5d-e9f685ce9f52,928a2364-8076-407e-b390-414e2ac83ac8
public_2507,clipgt-d7a656c2-3f78-41d9-bdb8-d5ef2e9504d9,05ccbbeb-ced8-49b9-9c90-8b1cd0ea012d
public_2507,clipgt-dd427ac5-6e36-4845-b6b4-db11aa3029b7,14fd52eb-c35a-45e1-8345-8543c9a3d2be
public_2507,clipgt-edcf41a4-be66-4f5a-9ab1-d760962f4a5d,47f020e4-dbf7-4a89-8933-316b8506ce5c
public_2507,clipgt-ee6908a0-4635-499b-b09a-a2528942b1f7,f56d005c-8818-4e67-9b44-4b8e73ec9d49
public_2507,clipgt-e87c973b-6ac7-45a1-a58f-fd5d8ac749e5,f0e89bba-3d5e-4bb5-ab6b-6f54be30797f
public_2507,clipgt-dc24d086-af16-4524-9f81-2808b37f2153,42b89705-eae1-443b-a0ea-64ec059a97da
public_2507,clipgt-db53f106-deda-49d6-828e-8fe911e82d0e,a2d2590e-894a-484a-adf6-7235e924eb7a
public_2507,clipgt-d55c0611-363e-4317-8978-cfacddbbe797,146b9017-5001-4764-93d1-7abfd8c144ca
public_2507,clipgt-d2a47b3b-e6be-4f56-b6a7-bcae287a2758,c319ad10-0707-49e7-938d-69e6cb45704d
public_2507,clipgt-cbe2d634-0e1d-47a8-9490-4e4c3391e45c,9e30b7b4-08c1-4ed7-9a1f-68eb454eefb5
public_2507,clipgt-d68c7161-bef6-4342-800f-607127417825,0cd20a3d-599f-44f2-a9d2-ad61d41e9e1e
public_2507,clipgt-e64757e8-adb9-4035-9bc8-6f531bdc8702,3ff9698c-68f6-4384-b0aa-26997533fc3a
public_2507,clipgt-e66ebf31-3468-474a-893f-e01a5b24f8e0,7318e981-8a07-46c7-b9c5-f41b0f7a5bb8
public_2507,clipgt-eeba2aa9-2cbe-4cb0-8da5-7d9d831a442e,b13d530c-abca-4df1-b4bf-9b66ff580628
public_2507,clipgt-d342bc89-9d98-438a-847f-cb7231e7ea8d,047c9d0b-1fb3-46fb-ae31-1802c1c9d882
public_2507,clipgt-cd0da2b3-a896-4117-af9c-c0d229e6f5f9,4d768cf6-1c3b-4246-8efe-af6b36c45675
public_2507,clipgt-f5192992-715b-4d7a-ab6d-0a5b5f2c8d9a,11d3282f-17c8-4e66-8040-5e842d2ea0cf
public_2507,clipgt-dc81056e-ca7d-4cd2-9183-258877356ce4,cba05912-3bcb-46b4-8399-965dc0e6fae9
public_2507,clipgt-eac1bf3c-d6e2-46c7-8fcb-1a6a612f2dae,d48b5298-e1c4-4b66-b4ce-e5a7ca75a5e3
public_2507,clipgt-eaf4352c-a194-4b09-a5a1-144c6a0d7dbc,b0c5470f-6efd-4f3a-8849-5c6b46f2e20e
public_2507,clipgt-e883822a-bb66-410e-8246-49c47e5a73aa,25ab31a1-75e0-4771-8b4f-23901a4d26f4
public_2507,clipgt-f65aa80b-eb72-459f-86bb-42e363007e13,21fe5e5d-3007-4b54-9f7c-9c710eb30f1e
public_2507,clipgt-d34673c7-2573-42a4-b771-1a5bf38f7d60,a250a345-016a-4afa-8ee4-0d8acad623a9
public_2507,clipgt-e1a2da5e-ef4f-4153-bbf2-3c892708977b,f3131f39-0b03-4b92-835b-0fcaf3a3d4d2
public_2507,clipgt-db009e5d-3919-4e0f-a677-c12fea6e92cd,1d367e1f-3575-44fe-b8a9-7e09699f9b22
public_2507,clipgt-f41175b5-dc9f-4049-81f1-df33ed3d2501,34b322bf-ca4a-4920-8bf7-b9f8d60d03fa
public_2507,clipgt-e37aa159-7300-4529-a519-0308ddd61134,58c11e63-ce90-405c-a8a0-dbd917b5be22
public_2507,clipgt-d4c97cc1-1297-41fd-9ad8-87d269b65e4d,77de99c4-2715-41fe-ac28-35d64b099149
public_2507,clipgt-d9c2a88b-dd8c-479a-bb23-1e6479315f29,b4e59155-edae-4e5c-897b-3e1125d76205
public_2507,clipgt-d2fcf4b2-2a4b-47e3-a2ec-a9e3372c3a8a,3a1da038-920b-46e5-aa18-fa7c10fd5584
public_2507,clipgt-e0f6ebe1-ce10-4a1b-ae88-102479303fd4,731a531f-65c1-4bc0-8242-7a6a1e8704fe
public_2507,clipgt-d5f0f729-9fd0-48b4-9c3d-6aa7ba4d0b61,8cd52220-961d-4be6-8ea4-16e5ba5722d4
public_2507,clipgt-e8efc7cd-c0ba-4008-ba80-482643bbbf46,ce847a9b-2e68-450f-b576-c9767caaa8b5
public_2507,clipgt-df113232-421d-4a88-8b1e-310291b08674,9437fcde-2bd1-4d97-a4cc-3275ac763e56
public_2507,clipgt-d101f9f0-1539-421f-8b27-971fa745b5ad,8e956028-e332-4581-9798-4aafc812a3d1
public_2507,clipgt-ecdd068b-9d8c-48de-a0f3-b519a5c2ecb0,dfae1383-da9e-4f0d-842a-40937e66faef
public_2507,clipgt-dd7e63c0-446a-4d6b-b119-0468c1ad73e8,703908bd-14c4-496e-ab5c-7e0d9a5fa815
public_2507,clipgt-d555676b-3c57-411b-a929-bd44f3b0ae52,ab3c769b-339f-4bd3-b049-57f21b5dbeef
public_2507,clipgt-f6de0321-2272-42ff-a50a-4edea5168565,8864efeb-a0d7-492b-98d8-49e6d1d380d9
public_2507,clipgt-eda3b4fe-e8f5-4407-b23d-f1937985701b,d927b731-175c-4869-a9b1-567c978df54f
public_2507,clipgt-e4d69be6-b60a-4d25-ab99-e6f7224f7f5c,79789fc7-fbd2-4c66-8563-7a0646765bd4
public_2507,clipgt-f4f7e865-9c03-465b-8233-d4eba8f39ff4,9421dcca-af81-42dd-8dd3-6bd1e0ccf65a
public_2507,clipgt-edea9e15-422a-460c-8b6e-86cc2119e0d6,a2fcd370-81f0-46f1-b5b5-24ac2205f080
public_2507,clipgt-d7577d71-f18d-4baf-a0bf-f692930f197a,9b251a5e-439f-439c-af03-9b80638d0fdd
public_2507,clipgt-f244c735-cb12-4190-8b68-64c90251d3f8,d82ce16d-da49-418a-bca0-1911645e269f
public_2507,clipgt-cdd9448c-8808-46b1-85c1-883bcc5862ff,2ebe119c-386b-49fe-bf8c-d58dddafefcb
public_2507,clipgt-f3a87e7a-e663-446d-bc27-1cab0c7789d9,c803c847-c126-4ac2-864f-22b137376dfd
public_2507,clipgt-d56d7c14-e61d-428d-a866-f1b348ded427,85ce9152-be6c-4045-ad78-0be2138f423d
public_2507,clipgt-e742759b-9403-4d6c-9c52-704b81bc5ba9,ed5999ed-1fad-43a6-a966-68f93da47869
public_2507,clipgt-d823324d-bb4c-47a7-9312-a770a55a08f3,8d5831a2-edcd-4368-b5ff-bafe75d0642d
public_2507,clipgt-f005ac5f-e919-4255-b9f9-acf6720015f1,e468ac32-85a0-4c6f-a060-18bb9e02f9a3
public_2507,clipgt-cc289222-8a2c-486d-9b4f-0db31d1165b7,0d23f83f-404a-4c27-92d3-689f867dc3b8
public_2507,clipgt-cbd87234-9d85-48cc-a65c-726c75c7d11b,921cbcfa-7ee9-42d7-b5b8-2705fbeccd06
public_2507,clipgt-ce63741d-b346-433d-8874-c916660180f8,ae1e630c-01cf-4bbd-b5ec-168e42cab915
public_2507,clipgt-caf18c8e-1a8c-4543-b4e9-55e363d0e4ff,b8bed7ff-c221-4fbb-840e-995883166f71
public_2507,clipgt-de8fb30e-9927-4e1a-bf5a-b13986b380e9,e4f9b270-ece8-4784-aa4b-012500785d1f
public_2507,clipgt-cb09cf43-efa4-4a46-bd25-6173a6bfa05b,b8982ae0-5a9a-4c52-93e2-d50bf62b5418
public_2507,clipgt-e904e9c0-9c48-4635-9611-2250d5527d43,9f344277-0967-4f1a-a53f-19b342a1f0c3
public_2507,clipgt-d3d3ab1b-d288-4fcc-b913-1015d2da1e1f,d843cf84-e6d3-41e6-9bf1-c60aba066806
public_2507,clipgt-d4b54366-1289-4d6a-a788-f930e0f6a9a1,affd617b-2b45-4fa0-8969-6b5a7cdbcfcc
public_2507,clipgt-f3e3acc7-d8dc-424c-b88b-a06e96d709ca,0fe398cd-0cef-4dcb-a134-e359d94b1c16
public_2507,clipgt-d08a71c4-70e9-46aa-8d16-07e42a5560f5,eafe5008-b1ca-40b0-a53d-a8ef03eede37
public_2507,clipgt-db97fe96-1847-4cb7-aa42-37e8a61b0270,cb55e7cc-fdc6-49f9-8be1-daf066bd3930
public_2507,clipgt-ef3e3ecb-ad46-4cef-a1ea-4e49a31ef36a,337b2bfc-424a-431e-925d-413f5c24265c
public_2507,clipgt-d9b5545a-ec4d-4bfd-8f76-612d0d74b4f1,d4a1e882-4c45-4c8b-b8fc-6827b4bb7f2d
public_2507,clipgt-e8cf41e8-0c0e-4cf7-aa94-ec07efd59efb,8ac090dc-709c-4507-9b76-d45dd8d1290d
public_2507,clipgt-db1b86e7-62c4-491c-bde3-2e79d9d48c09,1328fb2b-1cf0-41bb-a58a-c98d6822080b
public_2507,clipgt-eaba3f6a-3629-42a6-aa86-4bf8dd1f569b,cb740511-1598-4ef1-9c37-8537afee78d5
public_2507,clipgt-e121e37d-b03f-4f25-aa09-5ba5b74b8afb,344c34e3-64f8-454a-a5ed-d711f681f4dd
public_2507,clipgt-ed7f1e36-66c2-4f44-8eeb-83bc9cd5c370,ca8db088-ad8d-412b-993c-0eb9acf8e22f
public_2507,clipgt-d6d366f6-7b74-4868-b209-61c879064d60,48db4ce6-bb01-4e2d-af65-7ee7876f2636
public_2507,clipgt-ce161092-a921-432d-b2d0-2d50fd7779a6,ea70db7f-f932-4806-acff-719d6ef4c21b
public_2507,clipgt-ef9b567b-cf85-44c7-8a5f-d4bc3daf8df7,6a748784-9cfe-4a6d-8a65-3e22d5d4b0ec
public_2507,clipgt-cdb709d1-2a69-4325-be3a-2a47f3e35481,e9ac9d5f-ac6c-450b-a66e-5007f4ee1d89
public_2507,clipgt-eab8240a-a76b-476c-a2df-355974d664b6,bcf21e2e-7bd4-4f8a-ac0f-171c91acb432
public_2507,clipgt-dd0f84df-9be3-4e13-91ad-28b83a8669a3,7cd0e3c3-c5fe-4f3a-b329-b03a416d9e7b
public_2507,clipgt-e00752a1-4c6c-4a87-aa5c-f5a935df5c00,c564a42f-1458-4257-bdd3-b3fd237b0133
public_2507,clipgt-db9f3915-521d-41d2-9f98-a10eaa5dc719,e64ded82-9e7c-43fb-92ac-496b97e95567
public_2507,clipgt-d22db2b9-1909-49f9-a311-d8ef45baec00,cb8c294f-c991-466b-a165-90402ae44b59
public_2507,clipgt-d1230ce4-9ef9-4060-9848-9ad239beef19,36511317-fbdd-4fc9-af7e-9d3134ff5138
public_2507,clipgt-c9b68d76-c8a2-4dd1-aba9-88220a3c0af8,bc4827c6-2d9c-4149-9825-c694bee25698
public_2507,clipgt-b7132760-6c54-401f-b993-b955f35477bd,cadad99f-7fe4-4a3b-85ca-f4f8e60544f3
public_2507,clipgt-b1b170d0-d6c0-4809-9db0-c3e19ccaa9f8,770e070d-575d-448f-9f74-25fb0c3f8a3e
public_2507,clipgt-a9c81fec-e33f-4363-8634-ca789045b0c9,7c5efd1d-7afa-48c5-babf-e552e395a60e
public_2507,clipgt-b0fa4732-6057-4e68-bb92-1f346bb5143b,d2a4cb89-f9ec-4069-a3bd-d5e836b420f8
public_2507,clipgt-ada590cf-e6eb-4d6b-bed7-ecbc1f5ad9cd,9860beca-16a7-436e-a8b8-68933559d1ca
public_2507,clipgt-b3e5b5fc-fbb2-4af0-b913-283e28c68b19,bf80cf73-afda-410c-ac3f-a76a99f43c7f
public_2507,clipgt-b45d5902-b41d-423f-8e0e-a09884863d15,28a54e40-b752-4472-a977-f82a012181dd
public_2507,clipgt-c028c8ce-ea7d-40d4-bce6-dce704f3b232,d3bb9a00-097a-4491-83ad-fd72a8970a2c
public_2507,clipgt-c14c031a-8c17-4d08-aa4d-23c020a6871e,9c264c49-82a8-4344-ada1-d93791120c27
public_2507,clipgt-c681d7d8-95a8-4f25-a923-c36b51b1c45f,a58b1483-5f13-4d43-b9f3-6e523575dd22
public_2507,clipgt-aa67b65f-8673-49c4-a7db-6683114b4da3,75e52c42-d425-4608-83c9-c11993c67607
public_2507,clipgt-b0e2a1c0-b0c0-4e01-85be-6274268cb1e2,153d573c-aae0-43e4-bf98-0f61deb4aa72
public_2507,clipgt-bae463d3-655b-4b54-ac8e-1c982219d829,0efb05c4-30d3-4602-bfa9-bba11f822013
public_2507,clipgt-bf1847a9-3112-4ff8-a4dc-8613ad8b2a5b,ee8f77d5-67f5-4ba4-9f66-3205d67449dd
public_2507,clipgt-ab7e9102-dfb7-44a2-affa-dd85ee411886,c55db809-7715-4b55-8d6a-f4adc66c8b20
public_2507,clipgt-c3266ae7-dd5a-42da-ab76-1a441a65dc7f,24aae47f-b185-4699-bd93-a32d9c7a38b2
public_2507,clipgt-b00f77dc-600f-40e4-b4f9-12d90b96b665,263ead86-3ffd-4cbd-ac5a-04562158589f
public_2507,clipgt-b6dae19f-f5bf-4e19-8d81-3c9b2351ae13,a1b6972f-898f-4e79-9e70-618fbee1b212
public_2507,clipgt-c5bc66c4-8249-4614-a93c-c03936cb9b54,a387d1c3-e789-4d10-9df8-a1c93fee27ad
public_2507,clipgt-c8f861f7-89fe-4359-8680-b887be6a8ea0,55b1cff9-cf80-40a7-80e3-6194c06d48c1
public_2507,clipgt-c6718ecc-924f-4219-82cf-ce4ff4445201,90cf0e60-1a17-498b-9ad9-cb44c1df95fa
public_2507,clipgt-afd0a181-7e50-4c2d-aee3-a600b307ed04,e5c0b035-e718-4012-9415-15602aa15831
public_2507,clipgt-c290d49a-5e33-400a-aa8b-c49b0451cf71,c4400bc3-119a-479e-bbd2-d17cbe89ef4d
public_2507,clipgt-b42bee1f-2c50-4dec-aa79-9066dd9df92d,26fa6d77-74f2-430a-b9f7-a65b3269d422
public_2507,clipgt-c3c4f763-44da-450d-a6e2-48a982e62de4,03631668-655c-4992-821a-bb02fd0101cc
public_2507,clipgt-c0c88642-b952-47a4-957c-c6ed4d66b2d9,b2c92866-a018-4f05-95e4-cfbe5395e71b
public_2507,clipgt-bcf67ede-1879-4125-ab20-cae5a483d8cb,013ab82e-bd61-4051-89c9-1c6fa382a8ce
public_2507,clipgt-b0473613-3b99-4ec6-b7e3-2777aaee7458,9ba33284-f5f5-4b16-a087-96ab7bc33a5f
public_2507,clipgt-bd95eaad-1fd0-4a82-9331-05a06bcf9bc3,8b30a475-ad0f-44c3-92fc-ed3b44e4bb3e
public_2507,clipgt-c9825ad1-398d-47ae-a536-13b4a2cf6625,fed3f383-954e-4bc9-b1fa-2abd3656b73e
public_2507,clipgt-af4bd2e0-7205-413c-ac28-2c5272c3b248,9c5b9f97-1243-4b2e-b2c0-efe9ae3f2610
public_2507,clipgt-c52a7833-0de2-4d9b-b32a-5c94927cc687,e4b69ee2-b73b-4046-ba6d-9bb252e728eb
public_2507,clipgt-c86fd99b-023f-477f-b4a0-fcbac05102aa,a20def59-2709-4904-b9df-228ffd0c7a3e
public_2507,clipgt-c78c2cba-680b-402d-b338-2aaccb8544f9,7a4bc3b1-8120-429f-ab06-c76becd439b7
public_2507,clipgt-a96274d4-a18d-4369-ac0f-420163f54df1,86cb2601-87df-45e6-97ba-ae143366bee4
public_2507,clipgt-bb9b4a37-608e-4c65-b0ab-c61725f3c24c,d6c90c80-974a-47b2-9df3-b816eb28cc7b
public_2507,clipgt-ad098ec4-eeab-4022-9cc6-fc91a9946027,22692c53-6e2f-4c84-bbf4-59cb124802e0
public_2507,clipgt-ad69dd31-6d89-4869-90a9-3a4da4b35843,636d1ae6-2f49-4021-a717-c562394220fd
public_2507,clipgt-a95fd3b2-ae3e-4c4a-8e24-f543bb0e3db0,633804ca-d095-4412-b967-b77437141bee
public_2507,clipgt-afeb04ed-1568-4525-821e-5991d69b25ee,716ba6ad-ece1-4b7f-b274-2e9f9d18eecf
public_2507,clipgt-be4db4e9-eeff-4c22-b735-15ad9f7a0b49,8bb9f6ca-c2a2-4849-bac4-fc6501d97a13
public_2507,clipgt-c7c58600-14c3-4be0-90b9-7a8341511be1,0db1fc93-b0e5-45a9-8e08-30a4208b43fb
public_2507,clipgt-c4a47034-032e-403e-8efd-a83c7dddde75,562d2034-f032-4c02-a69f-6320e4c7985c
public_2507,clipgt-ae850982-a7b9-4df3-891f-4dc84be870f6,9806bf40-24d1-4670-b935-d126483e7488
public_2507,clipgt-b2189741-4adc-496e-a094-aae1b3da335b,687b18e5-c9cc-417a-96f4-f263ad96cc4d
public_2507,clipgt-a80c2cc9-8f02-46bb-9f3c-ce797178bd1a,cd71af2f-e4b8-4a28-9e0f-a6bd147c04e1
public_2507,clipgt-a636f467-6791-4c4c-b0c3-8712db044c41,ad1784a8-8b41-4178-af7f-79972fec96d8
public_2507,clipgt-a729d3eb-6eda-4756-bd9d-156ec1acdeaf,3201ec7f-eb42-40de-a228-abcd02fe928b
public_2507,clipgt-b04e7686-a425-4b7c-9dfb-189f68169cf2,7845c0aa-44ea-4250-8fbf-3ff173959fdc
public_2507,clipgt-bd7a1e00-e7dd-4e1b-85e6-ba0717fb5016,70aa299f-603f-4b71-8d35-dbb390fcc2f9
public_2507,clipgt-acc6b9af-19b1-4552-bbf5-60af1d415b40,b999b7a0-4fa6-47ce-b5d9-cfbd2051c7ac
public_2507,clipgt-b96578e1-b1c7-460e-8405-77b3df51dbf6,17d8d895-2c57-49c9-b188-e753a87e68ea
public_2507,clipgt-af85ffdb-3abd-40e0-be45-f7b5b8d5d0d3,02191882-ed98-4c9d-8e80-a549f3bbb446
public_2507,clipgt-cac1d7a0-c214-4642-9bae-57a01c88c428,4cb04252-5c39-4e66-9325-aba71a5889af
public_2507,clipgt-afa73e60-eef7-46ff-980e-744b31b6866f,398b61d2-ef55-445f-8dde-683d45efce3d
public_2507,clipgt-bd08d260-83a3-46aa-8799-d3aa50fb0e20,52e5e6c3-544d-4221-aecd-70a7902dfc9f
public_2507,clipgt-b3145bc3-ff0a-4b5c-b42c-b09767948827,4b613a09-2367-4966-9950-f115bc0dc993
public_2507,clipgt-a6db4919-62db-4da9-bde9-ea065d018562,3741bc0b-ce38-43c5-b8dc-fd050f9f2dac
public_2507,clipgt-a79e6e17-2f29-430f-9d46-863322bd0d49,ad3145b3-99fd-4e3b-80f8-2f2ddff33f9d
public_2507,clipgt-a8f596d6-85f5-4504-87b4-6d527c4fc4f2,829372a6-204c-4dbe-be1d-99e7bc10daa6
public_2507,clipgt-afa37955-fae8-4741-bb91-649ca9e3eb5d,3cc1f70f-81f3-46c0-9e27-e4bb79ac6b56
public_2507,clipgt-af431f7b-5777-4c7f-b23b-225ccdc56ba3,e7262217-8afd-4587-ad55-6a90324a8a89
public_2507,clipgt-b54c8534-2563-404e-a7aa-f924f0e9726c,a93ad9ad-a20c-4248-ae39-0faa4214e1cf
public_2507,clipgt-b01837fa-bf4b-48ec-bb21-af0f8fcbe070,c2de95a9-c07f-49f7-a582-cc242cda2000
public_2507,clipgt-b81a453b-3a2b-4a5f-92dd-ba6c738baa78,8279aee6-a378-4dc0-b57b-dc9d37141cd9
public_2507,clipgt-c0d6d4ec-0b9e-4b9b-9244-f5ecad1bf3e4,88f6ba66-9347-4d2e-a46b-f38d949bc0d3
public_2507,clipgt-ba40be62-0903-41ec-8d2f-040c79c149bd,df770259-cf97-46a1-a1ee-26b0d868ab05
public_2507,clipgt-c669f58d-3a27-4915-8162-af332483b4cf,d19bfae1-4868-406b-8f4f-0bd5f4bb74dd
public_2507,clipgt-aeeaa73d-9274-4610-9669-193ff356a53d,86beddcb-91c9-4403-876b-044f00b4cc7d
public_2507,clipgt-c0137a1e-e0e6-4d23-bebb-6c97bbb7bf62,f7882954-bb2d-4460-aa6e-c493632f3499
public_2507,clipgt-a64b1333-89c8-4eea-bf9a-890703edf9c1,3f94a663-5963-411c-aa2e-d4386a3bd3b3
public_2507,clipgt-c438a779-964c-4bb7-bfde-61d9abe5b39d,e4956741-b4d6-4702-90f1-5603d73e4f83
public_2507,clipgt-ad927cb1-fe19-44e0-943a-99959a38fac9,18e71725-170a-449b-ad71-3fa476020496
public_2507,clipgt-c4321eba-5e96-45b7-869d-c289c444e615,986194e4-8fc6-41bb-bcd4-a44bcd3db215
public_2507,clipgt-c9753c5c-f140-4b86-a633-b34ef5f3e1d8,48da16db-8520-4d8d-ad0f-ff2af3610a68
public_2507,clipgt-c6a47fa1-6d26-449e-a544-3c5be1051dfd,a83d6efe-7c51-491f-b4f6-74b0ac9c0273
public_2507,clipgt-b469f38a-f4bc-4b18-a0ec-3ca987b18383,44ee3f20-c142-4b6a-a852-3ee89b78d553
public_2507,clipgt-b0b05970-9f3e-4a7b-936b-6f55b540bf0f,270728c6-562b-4b3d-903a-61ce92a254d4
public_2507,clipgt-bd97de34-6f59-455a-93c5-9f469f243b4a,9fcfdd8a-aa30-48c2-845d-54d0937381e3
public_2507,clipgt-bec47df9-5e94-4a5c-885a-ed2fe22aa32d,201e3917-d227-48a7-9e34-84b1a38a4186
public_2507,clipgt-04db1bb2-90fe-47a7-9d09-27d020c618d4,faf7376b-25c0-4e14-a5d8-9dee1adb756e
public_2507,clipgt-857c3596-5705-448f-a6a8-20c5720aca75,ea743931-4771-484d-b1f8-2828678c0d64
public_2507,clipgt-99b578f0-e074-4e95-9ffe-772eeb98e72c,5c7be688-48ce-4c90-9dae-d273751a9bbc
public_2507,clipgt-6e7b42a3-285c-4252-bcdc-a453ef64a231,40abebb7-7e8d-4ba4-8f6d-3f0b9faaab3a
public_2507,clipgt-83135623-d812-42ed-bb42-6a9974f42b7b,165707db-d00a-4ead-99e8-4ee67ecee005
public_2507,clipgt-026d6a39-bd8f-4175-bc61-fe50ed0403a3,4e2e7a92-4cfe-4655-a976-d5b9dc1755e4
public_2507,clipgt-8fa1161f-2715-45e4-b826-2da085ae46f5,27d69fe4-e4ad-43f9-8c5d-79889b924410
public_2507,clipgt-75c23f07-026b-4382-9b39-6e806bb16730,7cf6e25f-e6a3-4583-b844-4bc1e24907ea
public_2507,clipgt-8f9634bb-b35a-4743-be67-9c16ddfa4d48,7ab65c92-6776-4814-8731-8df64e638c87
public_2507,clipgt-21254445-877f-43d0-a92c-a9c1e9694f9f,3c26ec56-6ad3-4ac2-b05b-56b12a76b109
public_2507,clipgt-984b2242-ddb6-4c71-b98a-8cc87972d974,cfc5f8ad-48b4-4b56-b005-a8f90c13131b
public_2507,clipgt-fea4c0bf-4020-415e-ab89-6b0b24f9add9,018d205f-0728-45d0-82fa-925202ddf76d
public_2507,clipgt-411ee080-8d8a-4ba5-a6f0-4a19b939ee1f,5d657015-b042-4985-8dbb-0020f8e8681f
public_2507,clipgt-36ab7dc2-e766-4474-ac8d-8cdc4e266ca3,2fc13ed2-aeb8-4a78-8586-1ea356404c22
public_2507,clipgt-02eadd92-02f1-46d8-86fe-a9e338fed0b6,704d3101-2882-41dd-9764-e4abfc85768b
public_2507,clipgt-5d7a5fec-e13e-4d97-801a-7c92cfb2b4c9,26eb0b84-17c7-4902-9cb3-a7cb38983a7d
public_2507,clipgt-35544675-e8b6-4eae-969d-e276b8f2059a,5f1b7e5e-8784-4140-832f-7ed240768fc3
public_2507,clipgt-c618d5d0-bd20-4f92-8088-5f7cd95e4542,63bed72d-6835-4d0c-b2ec-eddbf0461b4c
public_2507,clipgt-37ca44b5-43c4-4ff9-9106-fc4bef41be49,a2a71c11-d9aa-4145-8fd5-18e722d74a3f
public_2507,clipgt-705ae9df-44b3-4224-97c0-c55efcab5b41,afbb621a-f8b8-4165-9ed6-ba8d5bbca82a
public_2507,clipgt-0d79a6a0-4aa7-4eb1-aea1-31fd55bd71d7,c63a8e91-b207-45c8-b6b9-b93522c84014
public_2507,clipgt-6f4fc882-8c0b-4be0-9610-7b500d79c11a,51815c3c-19cc-4d45-bc65-a5a609715ce7
public_2507,clipgt-e412a5a5-cb80-4905-bf6c-f265faa41b0e,684f7b28-efbc-403e-8d23-4d04219a7356
public_2507,clipgt-ada42468-1398-4634-b34f-fdec686d0569,c2cafb39-a9ca-43f8-b39c-fe51946b0618
public_2507,clipgt-81452a69-43a4-44f2-a11e-47c46e7a83e6,139c14f9-358b-49e1-bfdf-80abaea7229d
public_2507,clipgt-f16ac2bc-188e-4d69-abae-32b880054d65,b55a8ab8-1989-4689-bd40-259d383753bc
public_2507,clipgt-3bfdcef1-9b39-4c54-b9a9-dbe662aaefa3,071028f5-2802-46e4-9e7b-dea0c8af8e85
public_2507,clipgt-18f8dbd6-6fe7-401c-9943-10404407e112,398af6e2-44b9-4f96-8a70-d5f776f497e0
public_2507,clipgt-c88a5855-29c6-4a74-93a4-2ecb26249c3f,de3503cd-8db3-4ce3-a082-444db1145a4e
public_2507,clipgt-060131e7-ee72-477c-89da-083e0b446566,54c1867a-9761-4167-8355-9e3e05279f4c
public_2507,clipgt-3d66c2ae-f62e-4431-aab7-f68ffd0e4de3,e3610ce0-bfa6-4e29-94b5-acb59bc3fc70
public_2507,clipgt-9b09222a-b9ce-4c87-a59a-ac704f168122,3b01438f-9a76-4f37-9f6a-263939567fea
public_2507,clipgt-1ba6bd49-8153-48f9-8427-4241f95b00fb,7d6934bf-9d53-4fa9-ae22-51d3cb6a700d
public_2507,clipgt-bd07fb91-e573-44ce-afd9-a637339888e8,323cba24-7f0e-4c98-bb30-df9120e493bd
public_2507,clipgt-b31b90e4-461a-4637-8f93-a6804a33c738,813ed4ec-3938-4d34-ac82-a32e3edbe72a
public_2507,clipgt-9c30e7ee-3660-465a-a079-99da78872a04,62d86027-0518-4c5f-ad04-a9ed69bb7b73
public_2507,clipgt-a829674d-63e1-430b-8682-9da4fac3c2ad,dfcdeb98-6bab-4088-a455-761739bff6d5
public_2507,clipgt-a5c06f4f-de00-44d1-add2-0a89818a3b0b,878c1584-d82f-428e-baf6-a80392867808
public_2507,clipgt-7ce9e86e-c63f-4f0e-97cd-072c9ab24a88,7cb7757e-b87c-4852-8039-85c8b2f6504c
public_2507,clipgt-05bb8212-63e1-40a8-b4fc-3142c0e94646,318cf863-25ea-4d9b-b3b4-e4eb902bf69d
public_2507,clipgt-b7b394cf-e912-4a7b-87d4-fca6c12a5748,d757cdcc-03d7-431e-871e-c45268025c3e
public_2507,clipgt-3fedd4d3-e529-475e-97e8-fbd5eac89976,35c9bfdd-8d1c-44ee-b896-41cea5aaae89
public_2507,clipgt-c8874e25-8086-4250-b88a-97cce293c28e,62ca0ba3-0d5b-4650-875e-19dfb204cbcc
public_2507,clipgt-5ce6b6e4-6944-463a-bb31-5d34c7d5c466,86b3a81e-5ccc-4732-9e0a-1c56289959c3
public_2507,clipgt-d141e3fb-dd01-454e-bc3c-af025415b7cb,c8e03138-a7c9-47c8-8149-ee59e6917605
public_2507,clipgt-329d688f-573d-4a36-b624-71f56d173bd9,f4e0cfdb-c455-4132-b2c7-bc050b6a9a56
public_2507,clipgt-f9b7dcc6-8ea2-4c5b-9bf2-738f4d4230d6,2bdebaf7-92ce-488e-aa7f-b25cc941382c
public_2507,clipgt-89329b0b-a059-4824-9e98-5fad3cdcc1e4,6ffc5304-7453-4920-b681-3ce94571b957
public_2507,clipgt-c7acecba-c1a3-4182-9fc2-3919c6976642,c45ca639-4c5f-4e58-bb1d-d53241101d22
public_2507,clipgt-2de37b03-deac-43f7-93ef-f56f520dbd0f,a0e2b699-2f37-4b42-ac71-0dfba5e8e0cd
public_2507,clipgt-cc93522d-5a13-4807-8c3e-8975ef64e4fd,826652a3-468d-4c8b-a29b-8a455ec7731a
public_2507,clipgt-9060b1c7-09d4-461a-b366-bb0ca91addc8,8ebc1acf-e4a1-4bba-ba4d-7b9777a108bd
public_2507,clipgt-fbdce016-950b-4533-b8cf-292e3e8b2dda,8bced216-996b-4ae3-a5d4-78359a7c1245
public_2507,clipgt-f8d31373-64ef-45e8-b8d2-579102dd2791,615527be-6541-4ab5-a9d4-eb1c9804c789
public_2507,clipgt-16195ead-b47b-40cd-b944-851c82ecc519,4dd24472-ba57-4fc7-a560-68963373bb65
public_2507,clipgt-2301484b-78ff-4108-994f-d6ccaf88d546,62f88a33-ae5e-4530-b47b-4f2e2d2cf551
public_2507,clipgt-6daecfe1-621c-4a24-adbc-f7c879ed491b,3ac8724e-3f47-411e-a894-188b5764c26d
public_2507,clipgt-24535266-2711-4c57-a98d-bfc024a98782,581aa7c3-eea5-44ce-b7be-f229728e619c
public_2507,clipgt-b72bf7fa-a3f7-4059-b5fd-17330dbb1ab3,16bc0966-a7b6-4849-a64e-eb18153df985
public_2507,clipgt-c2df5259-0079-4ca8-904a-e3ae7667da27,ffb9e2e6-12cc-42be-acee-ab4202634e17
public_2507,clipgt-8659d8e4-3fb3-4cb7-8e92-2596ef9ee5f1,29f5a8a3-b048-48c2-a3dd-b448909613a1
public_2507,clipgt-5fcb2ba7-6a4b-4ce1-887b-8eafa677b4f0,63327571-2085-4044-95bc-5e1f2225f5c4
public_2507,clipgt-2b9447b3-24ec-4d03-94c2-87e5901c0ec5,5522b946-e56d-485a-9400-2cc7351e0433
public_2507,clipgt-383b178b-2e94-4998-9cff-d147d3b859a3,f8d23161-7b0f-4494-b7ec-828fba488750
public_2507,clipgt-80d6f585-7a9f-4153-8c77-eb441269b639,bf3665dd-0f92-4c94-b67f-29d2b82926a8
public_2507,clipgt-b3e8bb38-b1b9-419a-8325-2dd8ab554a7b,906c06c1-9cbb-4c6c-9fa7-c5ae3aeac599
public_2507,clipgt-e9a25fde-6218-4d1f-84e2-fb26c548947c,f154cb2f-7a0d-450c-9f9f-3b596b6f46f7
public_2507,clipgt-832cd2b0-57b0-4f4e-9be1-a70b38371bbc,416fc311-867d-458a-a204-7e8c2fca9fdc
public_2507,clipgt-278088cf-15db-4334-be5c-85521b6a4a73,210269a2-6451-4050-8dae-ab77439d4d04
public_2507,clipgt-d90fe123-3462-450e-b65f-f37e4eb422d9,34304f24-265f-477a-a07b-e895577d28d3
public_2507,clipgt-8de5f8f0-9693-4c9b-8d19-70e2692fd40f,152b1649-fc6f-40b8-9ced-42c48005242a
public_2507,clipgt-9190bd3f-1572-4a74-b9c4-f9483f6eb441,1800b377-ccde-4351-8d59-5b9f5e66d021
public_2507,clipgt-24db7eb4-eddf-4b20-ba7e-ca54f9b44f11,18f4ecdc-e2b6-46db-9c4b-5187131d3b0c
public_2507,clipgt-11336325-e0c8-49ab-9f34-0be03dd1b8e2,705d5b9b-0e30-4749-9406-b5f36015d9a6
public_2507,clipgt-635da305-8584-42f1-87bc-0f2baac24373,82820141-13fe-4975-9b1c-80872ae7971a
public_2507,clipgt-e4697882-aa65-4743-a00d-477e03ac066d,2c88210b-cca6-41ba-9858-d69a16c708e8
public_2507,clipgt-dfe7bef5-bd1e-48ef-ac71-10a266a782dd,04e7bf18-d814-41ca-95bd-0b209b8d4c02
public_2507,clipgt-a9e8dfc7-24ff-4c9d-8fe1-20210c077073,9e4abc1d-d59f-4018-a15a-719951110b44
public_2507,clipgt-9fa1d6eb-7e0f-417f-8fa6-7dd38b28b8f9,4c9a4011-c4fc-4e5e-ba33-7e14db714bc8
public_2507,clipgt-0b1c9f60-1e7b-40e4-a221-f9e1c281aad7,f711cb0a-21cc-4087-811d-cfdc5602fafc
public_2507,clipgt-ff28f961-dd5a-4dba-8fb4-711b510b535c,248624b3-7d78-43fb-8749-07c43e7f15fa
public_2507,clipgt-fd22bde9-45fd-4d59-a9bc-a482022e0545,381de2f4-808c-4d54-9e23-213131672409
public_2507,clipgt-fe240bc3-c958-4c6e-9a88-8b2ff87ce2e1,43785385-5f15-414c-bc3c-f8bb519c61a5
public_2507,clipgt-fb90f9e6-a9ad-47f1-80b0-ff2c2defdb43,a417f989-99c6-482c-8389-b084669f3947
public_2507,clipgt-ff823af7-8c65-4672-aabc-a986cb4bbfdf,6b88cefc-bbc3-4bb8-ae89-88f9545f7ce3
public_2507,clipgt-faa6cd0c-97f3-40fc-8fd5-e132f616f699,a3c1df47-91ef-4d7c-891b-f09f2d17b7d5
public_2507,clipgt-fa507a17-91bc-47b0-adc3-3d203da57ad0,b4b5be23-6356-4b71-9f2f-0e403640d94e
public_2507,clipgt-ff3ded58-8259-40e8-879b-e1c01db2f536,d4f5156f-3829-48fc-bd96-ed89e8987260
public_2507,clipgt-f7209243-2583-47a7-8035-245b04051979,0dd66e6e-b384-476a-a75c-3dd307dbb286
public_2507,clipgt-f886551d-1925-4db9-ad39-90595c51edea,8d88152b-577e-45d6-9996-8bc9e637775b
public_2507,clipgt-fa0379c6-d60e-48b7-b157-11bf5b63039d,dafdffe5-d241-496e-93b2-e5a7bdb6c56f
public_2507,clipgt-ff587666-677a-436c-8a8f-b8ce169dcb30,572f4819-db1c-4711-953d-bd0f7cc9cd15
public_2507,clipgt-ff25b4c3-7d96-4288-a13f-f2d34fcb0efe,e73d5137-a0e8-494c-92d5-b99670c7d063
public_2507,clipgt-fbd72c7a-95d0-4c0a-9a4f-e82aea9d3fae,031df18f-8869-40bb-b32e-c92e82b429af
public_2507,clipgt-f8f93104-aad2-4fae-b8d0-73378e8e11f5,7da8ada1-89c7-4779-918d-c5aaeffacbc4
public_2507,clipgt-fe6c404c-cca9-46f1-a662-8091b3389a67,9ec266a9-58fe-44ff-b4d0-9bdb4980f6aa
public_2507,clipgt-fdfb5073-c9e6-4da2-93b7-988273da3807,6b5b8464-7fbb-4f2c-987f-a5afc0653940
public_2507,clipgt-fadc73da-130e-42c1-81b9-9e74405c39f3,6ad7c098-7d64-476c-9792-ae477a6f1133
public_2507,clipgt-fd0a220e-624d-4b8b-aa0a-4fd563b622b3,2ed58efa-2b8b-4b2c-a138-cf7560661d61
public_2507,clipgt-f9f72d96-fccb-44b5-8f56-d4fbf17f1473,8827c7be-2396-4041-ae04-99ce2fb877df
public_2507,clipgt-faa097ac-631a-43ef-935a-4fc8e21cdeb6,45e68199-ff7a-4bef-8904-f74613e83bc3
public_2507,clipgt-fad840eb-c6e8-4e96-a37c-f1061acb26d9,1a2ddb86-d32a-4538-9611-565d71a96c2b
